Sample.ID,Region,Province
55,Ilocos Region,Pampanga
66,Ilocos Region,Pampanga
87,Ilocos Region,Pampanga
93,Ilocos Region,Pampanga
120,Ilocos Region,Nueva Ecija
121,Ilocos Region,Bulacan
130,Ilocos Region,Bulacan
131,Ilocos Region,Bulacan
132,Ilocos Region,Bulacan
140,Ilocos Region,Zambales
153,Bicol Region,Albay
03006PHI,NA,NA
03007PHI,NA,NA
04030PHI,NA,NA
18-092,Davao Region,Davao del Sur
18-094,Davao Region,Davao del Sur
18-096,Davao Region,Davao del Sur
18-099,Davao Region,Davao del Sur
18-101,Davao Region,Davao del Sur
18-102,Davao Region,Davao del Sur
18-103,Davao Region,Davao del Sur
18-106,Davao Region,Davao del Sur
18-107,Davao Region,Compostela Valley
18-114,Davao Region,Davao del Sur
18-116,Davao Region,Davao del Sur
18-118,Davao Region,Davao del Sur
18-120,Davao Region,Davao del Sur
18-121,Davao Region,Davao del Sur
18-130,Davao Region,Davao del Sur
18-133,Davao Region,Davao del Sur 
18-135,Davao Region,Davao del Sur
18-138,Davao Region,Davao del Sur
18-142,Davao Region,Compostela Valley
18-144,Davao Region,Davao del Sur
18-147,Davao Region,Davao del Sur
18-151,Davao Region,Davao del Sur
18-153,Davao Region,Davao del Sur
18-162,Davao Region,Davao del Norte
18-163,Davao Region,Davao del Sur
18-164,Davao Region,Davao del Sur
18-172,Davao Region,Davao del Sur
18-174,Davao Region,Davao del Sur
18-179,Davao Region,Cotabato
18-181,Davao Region,Davao del Sur
18-183,Davao Region,Davao del Sur
18-188,Davao Region,Davao del Sur
18-191,Davao Region,Davao del Sur
18-194,Davao Region,Davao del Sur
18-196,Davao Region,Davao del Sur
18-199,Davao Region,Davao del Sur
18-209,Davao Region,Davao del Sur
18-214,Davao Region,Davao del Sur
18-216,Davao Region,Davao del Sur
18-221,Davao Region,Davao del Sur
18-223,Davao Region,Davao del Sur
18-224,Davao Region,Davao del Sur
18-225,Davao Region,Davao del Sur
19-004,Davao Region,Davao del Sur
19-011,Davao Region,Davao del Sur
19-015,Davao Region,Davao del Sur
19-022,Davao Region,Davao del Sur
19-045,Davao Region,Davao del Sur
19-050,Davao Region,Davao del Norte
4A-22-104,Calabarzon,Batangas
4A-22-171,Calabarzon,Cavite
4A-22-203,Calabarzon,Quezon
4A-22-40,Calabarzon,Batangas
4A-22-98,Calabarzon,Quezon
4B-21-126,Southwestern Tagalog Region,Oriental Mindoro
4B-21-29,Southwestern Tagalog Region,Oriental Mindoro
4B-21-310,Southwestern Tagalog Region,Oriental Mindoro
4B-21-35,Southwestern Tagalog Region,Oriental Mindoro
4B-21-412,Southwestern Tagalog Region,Oriental Mindoro
4B-21-421,Southwestern Tagalog Region,Oriental Mindoro
4B-21-423,Southwestern Tagalog Region,Oriental Mindoro
4B-21-528,Southwestern Tagalog Region,Oriental Mindoro
4B-21622,Southwestern Tagalog Region,Oriental Mindoro
4B-22-114,Southwestern Tagalog Region,Oriental Mindoro
4B-22-13,Southwestern Tagalog Region,Oriental Mindoro
4B-22-15,Southwestern Tagalog Region,Oriental Mindoro
4B-22-16,Southwestern Tagalog Region,Oriental Mindoro
4B-22-17,Southwestern Tagalog Region,Oriental Mindoro
4B-22-20,Southwestern Tagalog Region,Oriental Mindoro
4B-22-21,Southwestern Tagalog Region,Oriental Mindoro
4B-22-28,Southwestern Tagalog Region,Oriental Mindoro
4B-22-30,Southwestern Tagalog Region,Oriental Mindoro
4B-22-31,Southwestern Tagalog Region,Oriental Mindoro
4B-22-35,Southwestern Tagalog Region,Oriental Mindoro
4B-22-37,Southwestern Tagalog Region,Romblon
4B-22-39,Southwestern Tagalog Region,Romblon
4B-22-40,Southwestern Tagalog Region,Oriental Mindoro
4B-22-41,Southwestern Tagalog Region,Romblon
4B-22-42,Southwestern Tagalog Region,Romblon
4B-22-44,Southwestern Tagalog Region,Romblon
4B-22-45,Southwestern Tagalog Region,Romblon
4B-23-01,Southwestern Tagalog Region,Romblon
4B-23-02,Southwestern Tagalog Region,Romblon
4B-23-03,Southwestern Tagalog Region,Romblon
4B-23-04,Southwestern Tagalog Region,Romblon
4B-23-05,Southwestern Tagalog Region,Romblon
4B-23-06,Southwestern Tagalog Region,Romblon
4B-23-07,Southwestern Tagalog Region,Romblon
4B-23-11,Southwestern Tagalog Region,Romblon
4B-23-12,Southwestern Tagalog Region,Romblon
4B-23-13,Southwestern Tagalog Region,Romblon
4B-23-15,Southwestern Tagalog Region,Romblon
4B-23-16,Southwestern Tagalog Region,Romblon
4B-23-17,Southwestern Tagalog Region,Romblon
4B-23-19,Southwestern Tagalog Region,Romblon
4B-2422,Southwestern Tagalog Region,Occidental Mindoro
4B-2922HM,Southwestern Tagalog Region,Oriental Mindoro
4B-2922JG,Southwestern Tagalog Region,Oriental Mindoro
94270PHI,NA,
94272PHI,NA,
94273PHI,NA,
94275PHI,NA,
94278PHI,NA,
94280PHI,NA,
94281PHI,NA,
A12_1952,NA,
A12_1959,NA,
A12_1964,NA,
A12_1969,NA,
A12_1973,NA,
A12_1977,NA,
A12_1978,NA,
BAI/BAI3/2019-01/fel,National Capital Region,Bulacan
BAI/BAI4A/2019-01/can,Calabarzon,Rizal
BAI/BAINCR/2019-01/can,National Capital Region,Metropolitan Manila
BAI/BAINCR/2019-02/can,National Capital Region,Metropolitan Manila
BAI/BAINCR/2019-03/can,National Capital Region,Metropolitan Manila
H-23-011Sk_12,Southwestern Tagalog Region,Romblon
PHI103,Northern Mindanao,
PHI114,Northern Mindanao,
Philippin_dog,NA,
R1-21-148,Ilocos Region,Pangasinan
R10-688,Northern Mindanao,Bukidnon
R10-711,Northern Mindanao,Misamis Oriental
R10-714,Northern Mindanao,Misamis Oriental 
R10-824,Northern Mindanao,Misamis Oriental 
R10-856,Northern Mindanao,Misamis Oriental
R10-907,Northern Mindanao,Misamis Oriental
R10-920,Northern Mindanao,Bukidnon
R10-989,Northern Mindanao,Misamis Oriental
R10-990,Northern Mindanao,Misamis Oriental
R11-21-61,Bangsamoro,Misamis Oriental
R11-21-63,Davao Region,Cotabato
R11-22-002,Davao Region,Davao Del Norte
R2-081,Cagayan Valley,Cagayan
R3-731,Central Luzon,Nueva Ecija
R5-09,Bicol Region,Albay
R5-21-115,Bicol Region,Camarines Norte
R5-21-119,Bicol Region,Sorsogon
R5-21-128,Bicol Region,Camarines Sur
R5-21-132,Bicol Region,Albay
R5-21-136,Bicol Region,Albay
R5-21-140,Bicol Region,Camarines Norte
R5-22-008,Bicol Region,Albay
R6-21-4375,Western Visayas,Iloilo
R6-21-4511,Western Visayas,Antique
R6-21-4600,Western Visayas,Iloilo
R6-4342,Western Visayas,Iloilo
R6-4568,Western Visayas,Guimaras
R7-21-161,Central Visayas,Cebu
R9-010,Zamboanga Peninsula,Zamboanga Del Sur
R9-074,Zamboanga Peninsula,Zamboanga Del Sur
R9-089,Zamboanga Peninsula,Zamboanga Sibugay
R9-105,Zamboanga Peninsula,Zamboanga Del Norte
RADDL1-16-153,Ilocos Region ,Pangasinan
RADDL1-16-154,Ilocos Region ,Pangasinan
RADDL1-16-166,Ilocos Region ,Pangasinan
RADDL3-1038,Central Luzon,Pampanga
RADDL3-1045,Central Luzon,Bataan
RADDL3-15-172,Central Luzon,Nueva Ecija
RADDL3-16-1008,Central Luzon,Nueva Ecija
RADDL3-16-468,Central Luzon,Pampanga
RADDL3-16-521,Central Luzon,Bulacan
RADDL3-16-627,Central Luzon,Bulacan
RADDL3-845,Central Luzon,Pampanga
RADDL5-005,Bicol Region,Camarines Sur
REGION_5_2018-100,Bicol Region,Albay
REGION_5_2018-304,Bicol Region,Albay
REGION_5_2018-311,Bicol Region,Albay
REGION_5_2018-50,Bicol Region,Albay
REGION_5_2019-1,Bicol Region,Albay
REGION_5_2019-13,Bicol Region,Albay
RV/CAR.PHL/2009/TRa-198,Cordillera Administrative Region,Mountain Province
RV/CAR.PHL/2009/TRa-199,Cordillera Administrative Region,Mountain Province
RV/CAR.PHL/2009/TRa-200,Cordillera Administrative Region,Mountain Province
RV/CAR.PHL/2009/TRa-222,Cordillera Administrative Region,Mountain Province
RV/CAR.PHL/2009/TRa-224,Cordillera Administrative Region,Ifugao
RV/CAR.PHL/2009/TRa-234,Cordillera Administrative Region,
RV/CAR.PHL/2009/TRa-285,Cordillera Administrative Region,Mountain Province
RV/CAR.PHL/2010/TRa-289,Cordillera Administrative Region,Ifugao
RV/CAR.PHL/2010/TRa-291,Cordillera Administrative Region,Kalinga
RV/CAR.PHL/2013/TRa-370,Cordillera Administrative Region,Kalinga
RV/CAR.PHL/2013/TRa-405,Cordillera Administrative Region,Ifugao
RV/CAR.PHL/2013/TRa-407,Cordillera Administrative Region,Ifugao
RV/CAR.PHL/2013/TRa-409,Cordillera Administrative Region,Benguet
RV/CAR.PHL/2013/TRa-500,Cordillera Administrative Region,Mountain Province
RV/CAR.PHL/2013/TRa-510,Cordillera Administrative Region,Ifugao
RV/CAR.PHL/2013/TRa-571,Cordillera Administrative Region,Mountain Province
RV/NCR.PHL/2004/Z-04-421,National Capital Region,Metropolitan Manila
RV/NCR.PHL/2004/Z-04-522,National Capital Region,Metropolitan Manila
RV/NCR.PHL/2004/Z-04-534,National Capital Region,Metropolitan Manila
RV/NCR.PHL/2004/Z-04-646,National Capital Region,Metropolitan Manila
RV/NCR.PHL/2005/Z-05-009,National Capital Region,Metropolitan Manila
RV/NCR.PHL/2005/Z-05-090,National Capital Region,Metropolitan Manila
RV/NCR.PHL/2005/Z-05-149,National Capital Region,Metropolitan Manila
RV/NCR.PHL/2005/Z-05-168,National Capital Region,Metropolitan Manila
RV/NCR.PHL/2005/Z-05-187,National Capital Region,Metropolitan Manila
RV/NCR.PHL/2005/Z-05-285,National Capital Region,Metropolitan Manila
RV/NCR.PHL/2005/Z-05-299,National Capital Region,Metropolitan Manila
RV/NCR.PHL/2005/Z-05-373,National Capital Region,Metropolitan Manila
RV/NCR.PHL/2005/Z-05-396,National Capital Region,Metropolitan Manila
RV/NCR.PHL/2005/Z-05-424,National Capital Region,Metropolitan Manila
RV/NCR.PHL/2005/Z-05-465,National Capital Region,Metropolitan Manila
RV/NCR.PHL/2005/Z-05-466,National Capital Region,Metropolitan Manila
RV/R1.PHL/2008/TRa-094,Ilocos Region,Pangasinan
RV/R1.PHL/2009/TRa-150,Ilocos Region,Pangasinan
RV/R1.PHL/2009/TRa-151,Ilocos Region,Pangasinan
RV/R1.PHL/2009/TRa-153,Ilocos Region,Pangasinan
RV/R1.PHL/2009/TRa-154,Ilocos Region,Pangasinan
RV/R1.PHL/2009/TRa-156,Ilocos Region,Pangasinan
RV/R1.PHL/2009/TRa-157,Ilocos Region,Pangasinan
RV/R1.PHL/2009/TRa-159,Ilocos Region,Pangasinan
RV/R1.PHL/2009/TRa-161,Ilocos Region,Pangasinan
RV/R1.PHL/2009/TRa-208,Ilocos Region,Pangasinan
RV/R1.PHL/2009/TRa-209,Ilocos Region,Pangasinan
RV/R1.PHL/2009/TRa-210,Ilocos Region,Pangasinan
RV/R1.PHL/2009/TRa-213,Ilocos Region,Pangasinan
RV/R1.PHL/2009/TRa-214,Ilocos Region,Pangasinan
RV/R1.PHL/2009/TRa-215,Ilocos Region,Pangasinan
RV/R1.PHL/2009/TRa-216,Ilocos Region,La Union
RV/R1.PHL/2009/TRa-218,Ilocos Region,La Union
RV/R1.PHL/2009/TRa-219,Ilocos Region,Pangasinan
RV/R1.PHL/2009/TRa-220,Ilocos Region,Pangasinan
RV/R1.PHL/2009/TRa-221,Ilocos Region,Pangasinan
RV/R1.PHL/2009/TRa-233,Ilocos Region,Ilocos Sur
RV/R1.PHL/2009/TRa-256,Ilocos Region,Pangasinan
RV/R1.PHL/2009/TRa-257,Ilocos Region,Pangasinan
RV/R1.PHL/2009/TRa-258,Ilocos Region,Pangasinan
RV/R1.PHL/2009/TRa-259,Ilocos Region,Pangasinan
RV/R1.PHL/2009/TRa-260,Ilocos Region,Pangasinan
RV/R1.PHL/2009/TRa-262,Ilocos Region,Pangasinan
RV/R1.PHL/2009/TRa-263,Ilocos Region,Pangasinan
RV/R1.PHL/2009/TRa-265,Ilocos Region,Ilocos Sur
RV/R1.PHL/2009/TRa-266,Ilocos Region,Pangasinan
RV/R1.PHL/2009/TRa-267,Ilocos Region,Pangasinan
RV/R1.PHL/2010/TRa-286,Ilocos Region,Ilocos Sur
RV/R1.PHL/2010/TRa-287,Ilocos Region,Ilocos Sur
RV/R1.PHL/2010/TRa-298,Ilocos Region,Pangasinan
RV/R1.PHL/2010/TRa-299,Ilocos Region,Pangasinan
RV/R1.PHL/2010/TRa-300,Ilocos Region,Pangasinan
RV/R1.PHL/2012/TRa-320,Ilocos Region,Pangasinan
RV/R1.PHL/2012/TRa-323,Ilocos Region,Pangasinan
RV/R1.PHL/2012/TRa-324,Ilocos Region,Pangasinan
RV/R1.PHL/2012/TRa-325,Ilocos Region,Pangasinan
RV/R1.PHL/2012/TRa-327,Ilocos Region,Pangasinan
RV/R1.PHL/2012/TRa-375,Ilocos Region,Pangasinan
RV/R1.PHL/2012/TRa-376,Ilocos Region,Pangasinan
RV/R1.PHL/2012/TRa-377,Ilocos Region,Pangasinan
RV/R1.PHL/2012/TRa-378,Ilocos Region,Pangasinan
RV/R1.PHL/2012/TRa-379,Ilocos Region,Pangasinan
RV/R1.PHL/2012/TRa-381,Ilocos Region,Pangasinan
RV/R1.PHL/2012/TRa-382,Ilocos Region,La Union
RV/R1.PHL/2012/TRa-383,Ilocos Region,Pangasinan
RV/R1.PHL/2012/TRa-384,Ilocos Region,Pangasinan
RV/R1.PHL/2013/TRa-406,Ilocos Region,Ilocos Sur
RV/R1.PHL/2013/TRa-569,Ilocos Region,Ilocos Sur
RV/R1.PHL/2013/TRa-572,Ilocos Region,La Union
RV/R1.PHL/2013/TRa-573,Ilocos Region,La Union
RV/R10.PHL/2008/TRa-014,Northern Mindanao,Misamis Oriental
RV/R10.PHL/2008/TRa-024,Northern Mindanao,Misamis Oriental
RV/R10.PHL/2008/TRa-025,Northern Mindanao,Misamis Oriental
RV/R10.PHL/2008/TRa-026,Northern Mindanao,Misamis Oriental
RV/R10.PHL/2008/TRa-027,Northern Mindanao,Misamis Oriental
RV/R10.PHL/2008/TRa-028,Northern Mindanao,Misamis Oriental
RV/R10.PHL/2008/TRa-030,Northern Mindanao,Misamis Oriental
RV/R10.PHL/2008/TRa-052,Northern Mindanao,Misamis Oriental
RV/R10.PHL/2008/TRa-053,Northern Mindanao,Misamis Oriental
RV/R10.PHL/2008/TRa-054,Northern Mindanao,Lanao del Norte
RV/R10.PHL/2008/TRa-055,Northern Mindanao,Misamis Oriental
RV/R10.PHL/2008/TRa-056,Northern Mindanao,Misamis Oriental
RV/R10.PHL/2008/TRa-057,Northern Mindanao,Misamis Oriental
RV/R10.PHL/2008/TRa-058,Northern Mindanao,Misamis Oriental
RV/R10.PHL/2008/TRa-104,Northern Mindanao,Misamis Oriental
RV/R10.PHL/2008/TRa-107,Northern Mindanao,Misamis Oriental
RV/R10.PHL/2008/TRa-108,Northern Mindanao,Misamis Oriental
RV/R10.PHL/2009/TRa-109,Northern Mindanao,Misamis Oriental
RV/R10.PHL/2009/TRa-110,Northern Mindanao,Misamis Oriental
RV/R10.PHL/2009/TRa-184,Northern Mindanao,Misamis Oriental
RV/R10.PHL/2009/TRa-186,Northern Mindanao,Misamis Oriental
RV/R10.PHL/2009/TRa-189,Northern Mindanao,Misamis Oriental
RV/R10.PHL/2009/TRa-191,Northern Mindanao,Misamis Oriental
RV/R10.PHL/2009/TRa-194,Northern Mindanao,Misamis Oriental
RV/R10.PHL/2009/TRa-195,Northern Mindanao,Misamis Oriental
RV/R10.PHL/2009/TRa-196,Northern Mindanao,Misamis Oriental
RV/R10.PHL/2009/TRa-197,Northern Mindanao,Misamis Oriental
RV/R10.PHL/2009/TRa-242,Northern Mindanao,Misamis Oriental
RV/R10.PHL/2009/TRa-243,Northern Mindanao,Misamis Oriental
RV/R10.PHL/2009/TRa-244,Northern Mindanao,Misamis Oriental
RV/R10.PHL/2009/TRa-246,Northern Mindanao,Misamis Oriental
RV/R10.PHL/2009/TRa-247,Northern Mindanao,Misamis Oriental
RV/R10.PHL/2009/TRa-248,Northern Mindanao,Misamis Oriental
RV/R10.PHL/2009/TRa-249,Northern Mindanao,Misamis Oriental
RV/R10.PHL/2009/TRa-250,Northern Mindanao,Misamis Oriental
RV/R10.PHL/2009/TRa-251,Northern Mindanao,Lanao del Norte
RV/R10.PHL/2009/TRa-252,Northern Mindanao,Misamis Oriental
RV/R10.PHL/2009/TRa-253,Northern Mindanao,Misamis Oriental
RV/R10.PHL/2009/TRa-254,Northern Mindanao,Misamis Oriental
RV/R10.PHL/2009/TRa-255,Northern Mindanao,Misamis Oriental
RV/R11.PHL/2005/Z-05-186,Davao Region,Davao del Sur
RV/R2.PHL/2009/TRa-142,Cagayan Valley,Cagayan
RV/R2.PHL/2009/TRa-279,Cagayan Valley,Isabela
RV/R2.PHL/2009/TRa-283,Cagayan Valley,Isabela
RV/R2.PHL/2009/TRa-284,Cagayan Valley,Isabela
RV/R2.PHL/2013/TRa-435,Ilocos Region,Cagayan
RV/R2.PHL/2013/TRa-437,Ilocos Region,Nueva Vizcaya
RV/R2.PHL/2013/TRa-439,Ilocos Region,Cagayan
RV/R2.PHL/2013/TRa-503,Ilocos Region,Nueva Vizcaya
RV/R2.PHL/2013/TRa-504,Ilocos Region,Nueva Vizcaya
RV/R2.PHL/2013/TRa-505,Ilocos Region,Isabela
RV/R2.PHL/2013/TRa-506,Ilocos Region,Cagayan
RV/R2.PHL/2013/TRa-507,Cordillera Administrative Region,Kalinga
RV/R3.PHL/2004/Z-04-519,Central Luzon,Aurora
RV/R3.PHL/2005/Z-05-198,Central Luzon,Nueva Ecija
RV/R3.PHL/2005/Z-05-507,Central Luzon,Bulacan
RV/R3.PHL/2008/TRa-002,Central Luzon,Pampanga
RV/R3.PHL/2008/TRa-006,Central Luzon,Pampanga
RV/R3.PHL/2008/TRa-009,Central Luzon,Nueva Ecija
RV/R3.PHL/2008/TRa-010,Central Luzon,Pampanga
RV/R3.PHL/2008/TRa-011,Central Luzon,Zambales
RV/R3.PHL/2008/TRa-013,Central Luzon,Tarlac
RV/R3.PHL/2008/TRa-016,Central Luzon,Zambales
RV/R3.PHL/2008/TRa-017,Central Luzon,Pampanga
RV/R3.PHL/2008/TRa-018,Central Luzon,Zambales
RV/R3.PHL/2008/TRa-019,Central Luzon,Pampanga
RV/R3.PHL/2008/TRa-020,Central Luzon,Pampanga
RV/R3.PHL/2008/TRa-021,Central Luzon,Nueva Ecija
RV/R3.PHL/2008/TRa-022,Central Luzon,Pampanga
RV/R3.PHL/2008/TRa-038,Central Luzon,Pampanga
RV/R3.PHL/2008/TRa-040,Central Luzon,Zambales
RV/R3.PHL/2008/TRa-041,Central Luzon,Tarlac
RV/R3.PHL/2008/TRa-045,Central Luzon,Pampanga
RV/R3.PHL/2008/TRa-047,Central Luzon,Zambales
RV/R3.PHL/2008/TRa-048,Central Luzon,Zambales
RV/R3.PHL/2008/TRa-049,Central Luzon,Pampanga
RV/R3.PHL/2008/TRa-051,Central Luzon,Pampanga
RV/R3.PHL/2008/TRa-059,Central Luzon,Pampanga
RV/R3.PHL/2008/TRa-060,Central Luzon,Pampanga
RV/R3.PHL/2008/TRa-061,Central Luzon,Pampanga
RV/R3.PHL/2008/TRa-062,Central Luzon,Nueva Ecija
RV/R3.PHL/2008/TRa-063,Central Luzon,Nueva Ecija
RV/R3.PHL/2008/TRa-064,Central Luzon,Pampanga
RV/R3.PHL/2008/TRa-065,Central Luzon,Nueva Ecija
RV/R3.PHL/2008/TRa-066,Central Luzon,Pampanga
RV/R3.PHL/2008/TRa-086,Central Luzon,Pampanga
RV/R3.PHL/2008/TRa-087,Central Luzon,Pampanga
RV/R3.PHL/2008/TRa-088,Central Luzon,Pampanga
RV/R3.PHL/2008/TRa-089,Central Luzon,Nueva Ecija
RV/R3.PHL/2008/TRa-090,Central Luzon,Pampanga
RV/R3.PHL/2008/TRa-091,Central Luzon,Pampanga
RV/R3.PHL/2008/TRa-092,Central Luzon,Pampanga
RV/R3.PHL/2008/TRa-093,Central Luzon,Pampanga
RV/R3.PHL/2008/TRa-095,Central Luzon,Nueva Ecija
RV/R3.PHL/2008/TRa-111,Central Luzon,Pampanga
RV/R3.PHL/2008/TRa-112,Central Luzon,Pampanga
RV/R3.PHL/2008/TRa-119,Central Luzon,Zambales
RV/R3.PHL/2009/TRa-113,Central Luzon,Zambales
RV/R3.PHL/2009/TRa-114,Central Luzon,Zambales
RV/R3.PHL/2009/TRa-115,Central Luzon,Pampanga
RV/R3.PHL/2009/TRa-116,Central Luzon,Zambales
RV/R3.PHL/2009/TRa-117,Central Luzon,Pampanga
RV/R3.PHL/2009/TRa-118,Central Luzon,Pampanga
RV/R3.PHL/2009/TRa-127,Central Luzon,Pampanga
RV/R3.PHL/2009/TRa-128,Central Luzon,Nueva Ecija
RV/R3.PHL/2009/TRa-129,Central Luzon,Pampanga
RV/R3.PHL/2009/TRa-130,Central Luzon,Pampanga
RV/R3.PHL/2009/TRa-131,Central Luzon,Pampanga
RV/R3.PHL/2009/TRa-132,Central Luzon,Nueva Ecija
RV/R3.PHL/2009/TRa-133,Central Luzon,Pampanga
RV/R3.PHL/2009/TRa-134,Central Luzon,Nueva Ecija
RV/R3.PHL/2009/TRa-135,Central Luzon,Pampanga
RV/R3.PHL/2009/TRa-136,Central Luzon,Nueva Ecija
RV/R3.PHL/2009/TRa-201,Central Luzon,Nueva Ecija
RV/R3.PHL/2009/TRa-202,Central Luzon,Zambales
RV/R3.PHL/2009/TRa-204,Central Luzon,Pampanga
RV/R3.PHL/2009/TRa-205,Central Luzon,Nueva Ecija
RV/R3.PHL/2009/TRa-206,Central Luzon,Pampanga
RV/R3.PHL/2012/TRa-302,Ilocos Region,Tarlac
RV/R3.PHL/2012/TRa-303,Ilocos Region,Bulacan
RV/R3.PHL/2012/TRa-305,Ilocos Region,Pampanga
RV/R3.PHL/2012/TRa-306,Ilocos Region,Nueva Ecija
RV/R3.PHL/2012/TRa-307,Ilocos Region,Tarlac
RV/R3.PHL/2012/TRa-308,Ilocos Region,Bulacan
RV/R3.PHL/2012/TRa-309,Ilocos Region,Tarlac
RV/R3.PHL/2012/TRa-310,Ilocos Region,Bulacan
RV/R3.PHL/2012/TRa-311,Ilocos Region,Bulacan
RV/R3.PHL/2012/TRa-312,Ilocos Region,Nueva Ecija
RV/R3.PHL/2012/TRa-313,Ilocos Region,Bulacan
RV/R3.PHL/2012/TRa-314,Ilocos Region,Tarlac
RV/R3.PHL/2012/TRa-315,Ilocos Region,Bulacan
RV/R3.PHL/2012/TRa-317,Ilocos Region,Bulacan
RV/R3.PHL/2012/TRa-318,Ilocos Region,Bulacan
RV/R3.PHL/2013/TRa-313,Ilocos Region,Bulacan
RV/R3.PHL/2013/TRa-346,Ilocos Region,Pampanga
RV/R3.PHL/2013/TRa-347,Ilocos Region,Nueva Ecija
RV/R3.PHL/2013/TRa-348,Ilocos Region,Nueva Ecija
RV/R3.PHL/2013/TRa-349,Ilocos Region,Nueva Ecija
RV/R3.PHL/2013/TRa-350,Ilocos Region,Bulacan
RV/R3.PHL/2013/TRa-351,Ilocos Region,Bulacan
RV/R3.PHL/2013/TRa-352,Ilocos Region,Bulacan
RV/R3.PHL/2013/TRa-353,Ilocos Region,Bulacan
RV/R3.PHL/2013/TRa-354,Ilocos Region,Bulacan
RV/R3.PHL/2013/TRa-441,Ilocos Region,Pampanga
RV/R3.PHL/2013/TRa-442,Ilocos Region,Bulacan
RV/R3.PHL/2013/TRa-443,Ilocos Region,Bulacan
RV/R3.PHL/2013/TRa-444,Ilocos Region,Bulacan
RV/R3.PHL/2013/TRa-445,Ilocos Region,Bulacan
RV/R3.PHL/2013/TRa-446,Ilocos Region,Tarlac
RV/R3.PHL/2013/TRa-447,Ilocos Region,Bulacan
RV/R3.PHL/2013/TRa-448,Ilocos Region,Nueva Ecija
RV/R3.PHL/2013/TRa-449,Ilocos Region,Bulacan
RV/R3.PHL/2013/TRa-450,Ilocos Region,Bulacan
RV/R3.PHL/2013/TRa-451,Ilocos Region,Bulacan
RV/R3.PHL/2013/TRa-452,Ilocos Region,Bulacan
RV/R3.PHL/2013/TRa-453,Ilocos Region,Pampanga
RV/R3.PHL/2013/TRa-454,Ilocos Region,Bulacan
RV/R3.PHL/2013/TRa-455,Ilocos Region,Bulacan
RV/R3.PHL/2013/TRa-456,Ilocos Region,Bulacan
RV/R3.PHL/2013/TRa-457,Ilocos Region,Pampanga
RV/R3.PHL/2013/TRa-458,Ilocos Region,Pampanga
RV/R3.PHL/2013/TRa-459,Ilocos Region,Pampanga
RV/R3.PHL/2013/TRa-460,Ilocos Region,Nueva Ecija
RV/R3.PHL/2013/TRa-461,Ilocos Region,Pampanga
RV/R3.PHL/2013/TRa-462,Ilocos Region,Nueva Ecija
RV/R3.PHL/2013/TRa-463,Ilocos Region,Pampanga
RV/R3.PHL/2013/TRa-464,Ilocos Region,Bulacan
RV/R3.PHL/2013/TRa-465,Ilocos Region,Nueva Ecija
RV/R3.PHL/2013/TRa-466,Ilocos Region,Nueva Ecija
RV/R3.PHL/2013/TRa-509,Ilocos Region,Bulacan
RV/R3.PHL/2013/TRa-533,Ilocos Region,Pampanga
RV/R3.PHL/2013/TRa-534,Ilocos Region,Pampanga
RV/R3.PHL/2013/TRa-535,Ilocos Region,Bulacan
RV/R3.PHL/2013/TRa-536,Ilocos Region,Bulacan
RV/R3.PHL/2013/TRa-537,Ilocos Region,Bulacan
RV/R3.PHL/2013/TRa-538,Ilocos Region,Bulacan
RV/R3.PHL/2013/TRa-540,Ilocos Region,Pampanga
RV/R3.PHL/2013/TRa-541,Ilocos Region,Nueva Ecija
RV/R3.PHL/2013/TRa-542,Ilocos Region,Pampanga
RV/R3.PHL/2013/TRa-543,Ilocos Region,Pampanga
RV/R3.PHL/2013/TRa-544,Ilocos Region,Pampanga
RV/R3.PHL/2013/TRa-545,Ilocos Region,Pampanga
RV/R3.PHL/2013/TRa-547,Ilocos Region,Bulacan
RV/R3.PHL/2013/TRa-548,Ilocos Region,Bulacan
RV/R3.PHL/2013/TRa-549,Ilocos Region,Pampanga
RV/R3.PHL/2013/TRa-550,Ilocos Region,Pampanga
RV/R3.PHL/2013/TRa-551,Ilocos Region,Pampanga
RV/R3.PHL/2013/TRa-552,Ilocos Region,Pampanga
RV/R3.PHL/2013/TRa-554,Ilocos Region,Bulacan
RV/R3.PHL/2013/TRa-556,Ilocos Region,Bulacan
RV/R3.PHL/2013/TRa-557,Ilocos Region,Bulacan
RV/R3.PHL/2013/TRa-581,Ilocos Region,Tarlac
RV/R3.PHL/2013/TRa-582,Ilocos Region,Pampanga
RV/R3.PHL/2013/TRa-583,Ilocos Region,Pampanga
RV/R3.PHL/2013/TRa-584,Ilocos Region,Nueva Ecija
RV/R3.PHL/2013/TRa-586,Ilocos Region,Pampanga
RV/R3.PHL/2013/TRa-587,Ilocos Region,Pampanga
RV/R3.PHL/2013/TRa-588,Ilocos Region,Pampanga
RV/R3.PHL/2013/TRa-589,Ilocos Region,Pampanga
RV/R4A.PHL/2004/Z-04-042,Calabarzon,Cavite
RV/R4A.PHL/2004/Z-04-211,Calabarzon,Laguna
RV/R4A.PHL/2004/Z-04-389,Calabarzon,Cavite
RV/R4A.PHL/2004/Z-04-401,Calabarzon,Rizal
RV/R4A.PHL/2004/Z-04-420,Calabarzon,Cavite
RV/R4A.PHL/2004/Z-04-470,Calabarzon,Laguna
RV/R4A.PHL/2004/Z-04-480,Calabarzon,Laguna
RV/R4A.PHL/2005/Z-05-012,Calabarzon,Laguna
RV/R4A.PHL/2005/Z-05-017,Calabarzon,Cavite
RV/R4A.PHL/2005/Z-05-123,Calabarzon,Laguna
RV/R4A.PHL/2006/Z-06-039,Calabarzon,Batangas
RV/R4A.PHL/2006/Z-06-163,Calabarzon,Laguna
RV/R4A.PHL/2006/Z-06-197,Calabarzon,Batangas
RV/R4A.PHL/2006/Z-06-222,Calabarzon,Cavite
RV/R4A.PHL/2006/Z-06-231,Calabarzon,Cavite
RV/R4A.PHL/2006/Z-06-342,Calabarzon,Laguna
RV/R4A.PHL/2006/Z-06-345,Calabarzon,Batangas
RV/R4A.PHL/2006/Z-06-348,Calabarzon,Cavite
RV/R4A.PHL/2006/Z-06-357,Calabarzon,Batangas
RV/R4A.PHL/2006/Z-06-361,Calabarzon,Laguna
RV/R4A.PHL/2006/Z-06-362,Calabarzon,Batangas
RV/R4A.PHL/2006/Z-06-365,Calabarzon,Cavite
RV/R4A.PHL/2007/Z-07-189,Calabarzon,Cavite
RV/R4A.PHL/2007/Z-07-243,Calabarzon,Cavite
RV/R4A.PHL/2007/Z-07-252,Calabarzon,Quezon
RV/R4A.PHL/2007/Z-07-307,Calabarzon,Cavite
RV/R4A.PHL/2007/Z-07-317,Calabarzon,Cavite
RV/R4A.PHL/2007/Z-07-330,Calabarzon,Cavite
RV/R4A.PHL/2011/TRa-393,Calabarzon,Laguna
RV/R4A.PHL/2012/TRa-398,Calabarzon,Quezon
RV/R4A.PHL/2012/TRa-401,Calabarzon,Batangas
RV/R4A.PHL/2012/TRa-404,Calabarzon,Batangas
RV/R4A.PHL/2013/TRa-485,Bicol Region,Batangas
RV/R4B.PHL/2006/Z-06-197,Calabarzon,Batangas
RV/R4B.PHL/2006/Z-06-203,Southwestern Tagalog Region,Oriental Mindoro
RV/R4B.PHL/2006/Z-06-408,Southwestern Tagalog Region,Oriental Mindoro
RV/R4B.PHL/2011/TRa-392,Southwestern Tagalog Region,Romblon
RV/R4B.PHL/2011/TRa-394,Southwestern Tagalog Region,Romblon
RV/R4B.PHL/2011/TRa-396,Southwestern Tagalog Region,Romblon
RV/R4B.PHL/2012/TRa-397,Southwestern Tagalog Region,Romblon
RV/R4B.PHL/2012/TRa-400,Southwestern Tagalog Region,Romblon
RV/R4B.PHL/2012/TRa-402,Southwestern Tagalog Region,Romblon
RV/R4B.PHL/2013/TRa-486,Southwestern Tagalog Region,Palawan
RV/R4B.PHL/2013/TRa-487,Southwestern Tagalog Region,Palawan
RV/R5.PHL/2008/TRa-005,Bicol Region,Albay
RV/R5.PHL/2008/TRa-031,Bicol Region,Albay
RV/R5.PHL/2008/TRa-032,Bicol Region,Albay
RV/R5.PHL/2008/TRa-034,Bicol Region,Albay
RV/R5.PHL/2008/TRa-036,Bicol Region,Camarines Sur
RV/R5.PHL/2008/TRa-037,Bicol Region,Camarines Sur
RV/R5.PHL/2008/TRa-067,Bicol Region,Albay
RV/R5.PHL/2008/TRa-071,Bicol Region,Camarines Sur
RV/R5.PHL/2008/TRa-072,Bicol Region,Albay
RV/R5.PHL/2008/TRa-073,Bicol Region,Sorsogon
RV/R5.PHL/2008/TRa-120,Bicol Region,Catanduanes
RV/R5.PHL/2008/TRa-121,Bicol Region,Camarines Sur
RV/R5.PHL/2008/TRa-122,Bicol Region,Albay
RV/R5.PHL/2008/TRa-123,Bicol Region,Catanduanes
RV/R5.PHL/2009/TRa-183,Bicol Region,Albay
RV/R5.PHL/2009/TRa-225,Bicol Region,Albay
RV/R5.PHL/2009/TRa-226,Bicol Region,Albay
RV/R5.PHL/2009/TRa-227,Bicol Region,Albay
RV/R5.PHL/2009/TRa-229,Bicol Region,Catanduanes
RV/R5.PHL/2009/TRa-231,Bicol Region,Camarines Norte
RV/R5.PHL/2009/TRa-268,Bicol Region,Sorsogon
RV/R5.PHL/2009/TRa-269,Bicol Region,Catanduanes
RV/R5.PHL/2009/TRa-271,Bicol Region,Camarines Norte
RV/R5.PHL/2009/TRa-272,Bicol Region,Albay
RV/R5.PHL/2009/TRa-273,Bicol Region,Albay
RV/R5.PHL/2012/TRa-337,Bicol Region,Camarines Sur
RV/R5.PHL/2012/TRa-338,Bicol Region,Catanduanes
RV/R5.PHL/2012/TRa-339,Bicol Region,Albay
RV/R5.PHL/2012/TRa-340,Bicol Region,Camarines Norte
RV/R5.PHL/2012/TRa-343,Bicol Region,Camarines Norte
RV/R5.PHL/2012/TRa-344,Bicol Region,Camarines Sur
RV/R5.PHL/2012/TRa-355,Bicol Region,Albay
RV/R5.PHL/2012/TRa-356,Bicol Region,Albay
RV/R5.PHL/2012/TRa-357,Bicol Region,Sorsogon
RV/R5.PHL/2012/TRa-358,Bicol Region,Camarines Norte
RV/R5.PHL/2012/TRa-360,Bicol Region,Albay
RV/R5.PHL/2012/TRa-362,Bicol Region,Albay
RV/R5.PHL/2013/TRa-364,Bicol Region,Albay
RV/R5.PHL/2013/TRa-365,Bicol Region,Albay
RV/R5.PHL/2013/TRa-421,Bicol Region,Albay
RV/R5.PHL/2013/TRa-422,Bicol Region,Albay
RV/R5.PHL/2013/TRa-425,Bicol Region,Camarines Sur
RV/R5.PHL/2013/TRa-426,Bicol Region,Camarines Sur
RV/R5.PHL/2013/TRa-427,Bicol Region,Albay
RV/R5.PHL/2013/TRa-429,Bicol Region,Albay
RV/R7.PHL/2008/TRa-074,Central Visayas,Cebu
RV/R7.PHL/2008/TRa-075,Central Visayas,Cebu
RV/R7.PHL/2008/TRa-076,Central Visayas,Cebu
RV/R7.PHL/2008/TRa-077,Central Visayas,Cebu
RV/R7.PHL/2008/TRa-078,Central Visayas,Cebu
RV/R7.PHL/2008/TRa-079,Central Visayas,Cebu
RV/R7.PHL/2008/TRa-080,Central Visayas,Cebu
RV/R7.PHL/2008/TRa-081,Central Visayas,Cebu
RV/R7.PHL/2008/TRa-082,Central Visayas,Cebu
RV/R7.PHL/2008/TRa-083,Central Visayas,Negros Oriental
RV/R7.PHL/2008/TRa-084,Central Visayas,Negros Oriental
RV/R7.PHL/2008/TRa-085,Central Visayas,
RV/R7.PHL/2008/TRa-096,Central Visayas,Cebu
RV/R7.PHL/2008/TRa-097,Central Visayas,Cebu
RV/R7.PHL/2008/TRa-098,Central Visayas,Cebu
RV/R7.PHL/2008/TRa-099,Central Visayas,Cebu
RV/R7.PHL/2008/TRa-100,Central Visayas,Cebu
RV/R7.PHL/2008/TRa-101,Central Visayas,Cebu
RV/R7.PHL/2008/TRa-102,Central Visayas,Cebu
RV/R7.PHL/2008/TRa-103,Central Visayas,Cebu
RV/R7.PHL/2009/TRa-143,Central Visayas,Negros Oriental
RV/R7.PHL/2009/TRa-144,Central Visayas,Negros Oriental
RV/R7.PHL/2009/TRa-145,Central Visayas,Negros Oriental
RV/R7.PHL/2009/TRa-147,Central Visayas,Negros Oriental
RV/R7.PHL/2009/TRa-164,Central Visayas,Negros Oriental
RV/R7.PHL/2009/TRa-165,Central Visayas,Negros Oriental
RV/R7.PHL/2009/TRa-166,Central Visayas,Cebu
RV/R7.PHL/2009/TRa-167,Central Visayas,Cebu
RV/R7.PHL/2009/TRa-168,Central Visayas,Cebu
RV/R7.PHL/2009/TRa-170,Central Visayas,Cebu
RV/R7.PHL/2009/TRa-172,Central Visayas,Cebu
RV/R7.PHL/2009/TRa-173,Central Visayas,Cebu
RV/R7.PHL/2009/TRa-176,Central Visayas,Cebu
RV/R7.PHL/2009/TRa-177,Central Visayas,Cebu
RV/R7.PHL/2009/TRa-178,Central Visayas,Cebu
RV/R7.PHL/2009/TRa-179,Central Visayas,Cebu
RV/R7.PHL/2009/TRa-235,Central Visayas,Negros Oriental
RV/R7.PHL/2009/TRa-236,Central Visayas,Negros Oriental
RV/R7.PHL/2009/TRa-237,Central Visayas,Negros Oriental
RV/R7.PHL/2009/TRa-238,Central Visayas,Negros Oriental
RV/R7.PHL/2009/TRa-239,Central Visayas,Negros Oriental
RV/R7.PHL/2009/TRa-240,Central Visayas,Negros Oriental
RV/R7.PHL/2009/TRa-241,Central Visayas,Negros Oriental
V1371PHIL,NA,
V1372PHIL,NA,
V1373PHIL,NA,
V1374PHIL,NA,
V1375PHIL,NA,
Z-04-664,National Capital Region,Metropolitan Manila
Z-05-102,National Capital Region,Metropolitan Manila
Z-05-191,National Capital Region,Metropolitan Manila
Z-05-557,National Capital Region,Metropolitan Manila
Z-05-96,National Capital Region,Metropolitan Manila
Z-06-150,Calabarzon,Batangas
Z-06-295,Calabarzon,Batangas
Z-06-39,Calabarzon,Batangas
Z-07-07,Calabarzon,Cavite
Z-07-22,Calabarzon,Cavite
Z-07-222,Calabarzon,Cavite
Z-07-351,National Capital Region,Metropolitan Manila
Z-07-366,Calabarzon,Batangas
Z-07-38,Calabarzon,Cavite
Z-07-387,Calabarzon,Quezon
Z-07-398,Calabarzon,Laguna
Z-07-403,Calabarzon,Quezon
Z-07-407,National Capital Region,Metropolitan Manila
Z-08-351,Calabarzon,Cavite
Z-08-359,Calabarzon,Laguna
Z-09-94,National Capital Region,Metropolitan Manila
Z-12-001,Calabarzon,Laguna
Z-12-012,Calabarzon,Batangas
Z-12-029,National Capital Region,Metropolitan Manila
Z-12-034,Calabarzon,Laguna
Z-12-060,Calabarzon,Cavite
Z-12-088,National Capital Region,Metropolitan Manila
Z-12-118,Calabarzon,Cavite
Z-12-134,Calabarzon,Cavite
Z-12-149,Southwestern Tagalog Region,Oriental Mindoro
Z-12-208,National Capital Region,Metropolitan Manila
Z-12-212,Calabarzon,Batangas
Z-13-002,National Capital Region,Metropolitan Manila
Z-13-009,Calabarzon,Cavite
Z-13-020,National Capital Region,Metropolitan Manila
Z-13-032,National Capital Region,Metropolitan Manila
Z-13-036,National Capital Region,Metropolitan Manila
Z-13-037,Calabarzon,Laguna
Z-13-065,Calabarzon,Batangas
Z-13-066,Calabarzon,Cavite
Z-13-071,National Capital Region,Metropolitan Manila
Z-13-073,National Capital Region,Metropolitan Manila
Z-13-081,Calabarzon,Laguna
Z-13-086,Calabarzon,Rizal
Z-13-089,Calabarzon,Cavite
Z-13-094,Calabarzon,Cavite
Z-13-096,National Capital Region,Metropolitan Manila
Z-13-098,National Capital Region,Metropolitan Manila
Z-13-134,National Capital Region,Metropolitan Manila
Z-13-135,Calabarzon,Cavite
Z-13-161,Calabarzon,Laguna
Z-13-171,Calabarzon,Batangas
Z-13-184,Calabarzon,Batangas
Z-13-204,Calabarzon,Laguna
Z-13-216,Southwestern Tagalog Region,Occidental Mindoro
Z-13-234,Calabarzon,Laguna
Z-13-259,Calabarzon,Cavite
Z-14-023,Calabarzon,Laguna
Z-14-033,Calabarzon,Quezon
Z-14-05,Calabarzon,Cavite
Z-14-058,Calabarzon,Rizal
Z-14-098,Calabarzon,Batangas
Z-14-101,National Capital Region,Metropolitan Manila
Z-14-106,Calabarzon,Cavite
Z-14-126,National Capital Region,Metropolitan Manila
Z-14-136,Calabarzon,Cavite
Z-14-138,National Capital Region,Metropolitan Manila 
Z-14-142,Calabarzon,Laguna
Z-14-146,Calabarzon,Batangas
Z-14-149,Calabarzon,Laguna
Z-14-182,Central Luzon,Bulacan
Z-14-243,Calabarzon,Laguna
Z-15-001,Calabarzon,Rizal
Z-15-009,National Capital Region,Metropolitan Manila
Z-15-019,National Capital Region,Metropolitan Manila
Z-15-116,Calabarzon,Laguna
Z-15-119,National Capital Region,Metropolitan Manila
Z-15-130,Calabarzon,Cavite
Z-15-148,National Capital Region,Metropolitan Manila
Z-15-163,Calabarzon,Cavite
Z-16-013,Calabarzon,Laguna
Z-16-082,Calabarzon,Laguna
Z-16-150,National Capital Region,Metropolitan Manila
Z-16-151,Calabarzon,Cavite
Z-16-159,Calabarzon,Cavite
Z-16-186,Calabarzon,Rizal
Z-16-196,Calabarzon,Cavite
Z-16-209,Calabarzon,Quezon
Z-16-210,National Capital Region,Metropolitan Manila
Z-16-211,Calabarzon,Laguna
Z-17-046,Calabarzon,Batangas
Z-17-174,National Capital Region,Metropolitan Manila
Z-17-177,Calabarzon,Cavite
Z-17-193,Calabarzon,Quezon
Z-17-200,Calabarzon,Laguna
Z-17-217,Calabarzon,Cavite
Z-17-221,Calabarzon,Cavite
Z-17-57,Southwestern Tagalog Region,Occidental Mindoro
Z-18-001,Calabarzon,Cavite
Z-18-114,Calabarzon,Batangas
Z-18-159,Central Luzon,Bulacan
Z-18-224,National Capital Region,Metropolitan Manila
Z-18-251,Calabarzon,Laguna
Z-19-029,Calabarzon,Batangas
Z-19-123,Calabarzon,Cavite
Z-19-136,Calabarzon,Laguna
Z-19-88,Calabarzon,Rizal
Z-20-01,Calabarzon,Cavite
Z-20-110,Calabarzon,Laguna
Z-20-24,National Capital Region,Metropolitan Manila
Z-20-33,National Capital Region,Metropolitan Manila
Z-20-51,Calabarzon,Rizal
Z-22-103,Southwestern Tagalog Region,Romblon
Z-22-119,Southwestern Tagalog Region ,Romblon
Z-22-121,Southwestern Tagalog Region,Romblon
Z-23-01,Calabarzon,Laguna
Z-23-01Sa,Calabarzon,Laguna
Z-98-1061,Calabarzon,Cavite
Z-98-134,Calabarzon,Cavite
Z-98-206,Calabarzon,Laguna
Z-98-285,Calabarzon,Laguna
Z-98-286,Calabarzon,Quezon
Z-98-335,Calabarzon,Laguna
Z-98-433,Calabarzon,Cavite
Z-98-454,National Capital Region,Metropolitan Manila
Z-98-515,National Capital Region,Metropolitan Manila
Z-98-616,Central Luzon,Bulacan
Z-98-667,Calabarzon,Laguna
Z-98-712,Calabarzon,Laguna
Z-98-718,Calabarzon,Batangas
Z-98-780,Calabarzon,Laguna
Z-98-823,Calabarzon,Cavite
Z-98-838,National Capital Region,Metropolitan Manila
Z-98-860,Calabarzon,Quezon
Z12-012,,
Z14-142,,
Z14-152,National Capital Region,Metropolitan Manila
Z15-185,National Capital Region,Metropolitan Manila