"Sample.ID","X","X.1","Region","Province","year","country","assignment","NCBI.accession","Sample.collection.date","Host.species","Municipality","Barangay","Location","source","corrected_date","decimal_date","outbreak"
"153",NA,NA,"Bicol Region","Albay",2018,"Philippines","SEA4",NA,"17/05/2018","Canis familiaris",NA,"Paulog","Ligao","this paper","5/17/18",2018.372603,"Other"
"04030PHI",NA,NA,NA,NA,2004,"Philippines","SEA4","EU086155","2004","Homo sapiens",NA,NA,"-","rabv-glue","01/01/2004",2004,"Other"
"18-092",NA,NA,"Davao Region","Davao del Sur",2018,"Philippines","SEA4","OQ326757","2018","Canine","Davao",NA,NA,"genbank","01/01/2018",2018,"Other"
"18-094",NA,NA,"Davao Region","Davao del Sur",2018,"Philippines","SEA4","OQ326761","2018","Canine","Davao",NA,NA,"genbank","01/01/2018",2018,"Other"
"18-096",NA,NA,"Davao Region","Davao del Sur",2018,"Philippines","SEA4","OQ326764","2018","Canine","Davao",NA,NA,"genbank","01/01/2018",2018,"Other"
"18-099",NA,NA,"Davao Region","Davao del Sur",2018,"Philippines","SEA4","OQ326750","2018","Canine","Davao",NA,NA,"genbank","01/01/2018",2018,"Other"
"18-101",NA,NA,"Davao Region","Davao del Sur",2018,"Philippines","SEA4","OQ326755","2018","Canine","Davao",NA,NA,"genbank","01/01/2018",2018,"Other"
"18-102",NA,NA,"Davao Region","Davao del Sur",2018,"Philippines","SEA4","OQ326752","2018","Canine","Davao",NA,NA,"genbank","01/01/2018",2018,"Other"
"18-103",NA,NA,"Davao Region","Davao del Sur",2018,"Philippines","SEA4","OQ326754","2018","Canine","Davao",NA,NA,"genbank","01/01/2018",2018,"Other"
"18-106",NA,NA,"Davao Region","Davao del Sur",2018,"Philippines","SEA4","OQ326751","2018","Canine","Davao",NA,NA,"genbank","01/01/2018",2018,"Other"
"18-107",NA,NA,"Davao Region","Compostela Valley",2018,"Philippines","SEA4","OQ326749","2018","Canine","Compostela Valley",NA,NA,"genbank","01/01/2018",2018,"Other"
"18-114",NA,NA,"Davao Region","Davao del Sur",2018,"Philippines","SEA4","OQ326756","2018","Canine","Davao",NA,NA,"genbank","01/01/2018",2018,"Other"
"18-116",NA,NA,"Davao Region","Davao del Sur",2018,"Philippines","SEA4","OQ326753","2018","Canine","Davao",NA,NA,"genbank","01/01/2018",2018,"Other"
"18-118",NA,NA,"Davao Region","Davao del Sur",2018,"Philippines","SEA4","OQ326758","2018","Canine","Digos Cogon",NA,NA,"genbank","01/01/2018",2018,"Other"
"18-120",NA,NA,"Davao Region","Davao del Sur",2018,"Philippines","SEA4","OQ326762","2018","Canine","Davao",NA,NA,"genbank","01/01/2018",2018,"Other"
"18-121",NA,NA,"Davao Region","Davao del Sur",2018,"Philippines","SEA4","OQ326766","2018","Canine","Davao",NA,NA,"genbank","01/01/2018",2018,"Other"
"18-130",NA,NA,"Davao Region","Davao del Sur",2018,"Philippines","SEA4","OQ326759","2018","Canine","Davao",NA,NA,"genbank","01/01/2018",2018,"Other"
"18-133",NA,NA,"Davao Region","Davao del Sur ",2018,"Philippines","SEA4","OQ326760","2018","Canine","Tagum",NA,NA,"genbank","01/01/2018",2018,"Other"
"18-135",NA,NA,"Davao Region","Davao del Sur",2018,"Philippines","SEA4","OQ326767","2018","Canine","Davao",NA,NA,"genbank","01/01/2018",2018,"Other"
"18-138",NA,NA,"Davao Region","Davao del Sur",2018,"Philippines","SEA4","OQ326748","2018","Canine","Davao",NA,NA,"genbank","01/01/2018",2018,"Other"
"18-142",NA,NA,"Davao Region","Compostela Valley",2018,"Philippines","SEA4","OQ326784","2018","Canine","Nabunturan",NA,NA,"genbank","01/01/2018",2018,"Other"
"18-144",NA,NA,"Davao Region","Davao del Sur",2018,"Philippines","SEA4","OQ326776","2018","Canine","Davao",NA,NA,"genbank","01/01/2018",2018,"Other"
"18-147",NA,NA,"Davao Region","Davao del Sur",2018,"Philippines","SEA4","OQ326772","2018","Canine","Davao",NA,NA,"genbank","01/01/2018",2018,"Other"
"18-151",NA,NA,"Davao Region","Davao del Sur",2018,"Philippines","SEA4","OQ326774","2018","Canine","Davao",NA,NA,"genbank","01/01/2018",2018,"Other"
"18-153",NA,NA,"Davao Region","Davao del Sur",2018,"Philippines","SEA4","OQ326773","2018","Canine","Davao",NA,NA,"genbank","01/01/2018",2018,"Other"
"18-162",NA,NA,"Davao Region","Davao del Norte",2018,"Philippines","SEA4","OQ326744","2018","Canine","Samal",NA,NA,"genbank","01/01/2018",2018,"Other"
"18-163",NA,NA,"Davao Region","Davao del Sur",2018,"Philippines","SEA4","OQ326747","2018","Canine","Davao",NA,NA,"genbank","01/01/2018",2018,"Other"
"18-164",NA,NA,"Davao Region","Davao del Sur",2018,"Philippines","SEA4","OQ326738","2018","Canine","Digos",NA,NA,"genbank","01/01/2018",2018,"Other"
"18-172",NA,NA,"Davao Region","Davao del Sur",2018,"Philippines","SEA4","OQ326737","2018","Canine","Davao",NA,NA,"genbank","01/01/2018",2018,"Other"
"18-174",NA,NA,"Davao Region","Davao del Sur",2018,"Philippines","SEA4","OQ326743","2018","Canine","Davao",NA,NA,"genbank","01/01/2018",2018,"Other"
"18-179",NA,NA,"Davao Region","Cotabato",2018,"Philippines","SEA4","OQ326775","2018","Canine","Cotabato",NA,NA,"genbank","01/01/2018",2018,"Other"
"18-181",NA,NA,"Davao Region","Davao del Sur",2018,"Philippines","SEA4","OQ326783","2018","Canine","Davao",NA,NA,"genbank","01/01/2018",2018,"Other"
"18-183",NA,NA,"Davao Region","Davao del Sur",2018,"Philippines","SEA4","OQ326777","2018","Canine","Davao",NA,NA,"genbank","01/01/2018",2018,"Other"
"18-188",NA,NA,"Davao Region","Davao del Sur",2018,"Philippines","SEA4","OQ326746","2018","Canine","Davao",NA,NA,"genbank","01/01/2018",2018,"Other"
"18-191",NA,NA,"Davao Region","Davao del Sur",2018,"Philippines","SEA4","OQ326768","2018","Canine","Davao",NA,NA,"genbank","01/01/2018",2018,"Other"
"18-194",NA,NA,"Davao Region","Davao del Sur",2018,"Philippines","SEA4","OQ326780","2018","Canine","Davao",NA,NA,"genbank","01/01/2018",2018,"Other"
"18-196",NA,NA,"Davao Region","Davao del Sur",2018,"Philippines","SEA4","OQ326779","2018","Canine","Davao",NA,NA,"genbank","01/01/2018",2018,"Other"
"18-199",NA,NA,"Davao Region","Davao del Sur",2018,"Philippines","SEA4","OQ326736","2018","Canine","Davao",NA,NA,"genbank","01/01/2018",2018,"Other"
"18-209",NA,NA,"Davao Region","Davao del Sur",2018,"Philippines","SEA4","OQ326781","2018","Canine","Davao",NA,NA,"genbank","01/01/2018",2018,"Other"
"18-214",NA,NA,"Davao Region","Davao del Sur",2018,"Philippines","SEA4","OQ326745","2018","Canine","Davao",NA,NA,"genbank","01/01/2018",2018,"Other"
"18-216",NA,NA,"Davao Region","Davao del Sur",2018,"Philippines","SEA4","OQ326742","2018","Canine","Davao",NA,NA,"genbank","01/01/2018",2018,"Other"
"18-221",NA,NA,"Davao Region","Davao del Sur",2018,"Philippines","SEA4","OQ326782","2018","Canine","Davao",NA,NA,"genbank","01/01/2018",2018,"Other"
"18-223",NA,NA,"Davao Region","Davao del Sur",2018,"Philippines","SEA4","OQ326778","2018","Canine","Davao",NA,NA,"genbank","01/01/2018",2018,"Other"
"18-224",NA,NA,"Davao Region","Davao del Sur",2018,"Philippines","SEA4","OQ326769","2018","Canine","Davao",NA,NA,"genbank","01/01/2018",2018,"Other"
"18-225",NA,NA,"Davao Region","Davao del Sur",2018,"Philippines","SEA4","OQ326771","2018","Canine","Davao",NA,NA,"genbank","01/01/2018",2018,"Other"
"19-004",NA,NA,"Davao Region","Davao del Sur",2019,"Philippines","SEA4","OQ326740","2019","Canine","Davao",NA,NA,"genbank","01/01/2019",2019,"Other"
"19-011",NA,NA,"Davao Region","Davao del Sur",2019,"Philippines","SEA4","OQ326741","2019","Canine","Davao",NA,NA,"genbank","01/01/2019",2019,"Other"
"19-015",NA,NA,"Davao Region","Davao del Sur",2019,"Philippines","SEA4","OQ326739","2019","Canine","Davao",NA,NA,"genbank","01/01/2019",2019,"Other"
"19-022",NA,NA,"Davao Region","Davao del Sur",2019,"Philippines","SEA4","OQ326770","2019","Canine","Davao",NA,NA,"genbank","01/01/2019",2019,"Other"
"19-045",NA,NA,"Davao Region","Davao del Sur",2019,"Philippines","SEA4","OQ326763","2019","Canine","Davao",NA,NA,"genbank","01/01/2019",2019,"Other"
"19-050",NA,NA,"Davao Region","Davao del Norte",2019,"Philippines","SEA4","OQ326765","2019","Canine","Panabo",NA,NA,"genbank","01/01/2019",2019,"Other"
"4A-22-104",NA,NA,"Calabarzon","Batangas",2022,"Philippines","SEA4",NA,"25/01/2022","Canis familiaris",NA,"Sabang","Lipa","this paper","1/25/22",2022.065753,"Other"
"4A-22-171",NA,NA,"Calabarzon","Cavite",2022,"Philippines","SEA4",NA,"06/02/2022","Canis familiaris",NA,"Buenavista","General Trias","this paper","06/02/2022",2022.416438,"Other"
"4A-22-203",NA,NA,"Calabarzon","Quezon",2023,"Philippines","SEA4",NA,"11/02/2022","Canis familiaris",NA,"Guiang-Guiang","Lucena","this paper","11/02/2022",2022.835616,"Other"
"4A-22-40",NA,NA,"Calabarzon","Batangas",2023,"Philippines","SEA4",NA,"10/01/2022","Canis familiaris",NA,NA,"Batangas","this paper","10/01/2022",2022.747945,"Other"
"4A-22-98",NA,NA,"Calabarzon","Quezon",2022,"Philippines","SEA4",NA,"22/01/2022","Canis familiaris",NA,"Baguio","Tayabas","this paper","1/22/22",2022.057534,"Other"
"4B-21-126",NA,NA,"Southwestern Tagalog Region","Oriental Mindoro",2021,"Philippines","SEA4",NA,"26/01/2021","Canis familiaris",NA,"Sapul","Calapan","this paper","1/26/21",2021.068493,"Mindoro"
"4B-21-29",NA,NA,"Southwestern Tagalog Region","Oriental Mindoro",2022,"Philippines","SEA4",NA,"09/02/2021","Canis familiaris",NA,"San Narciso","Victoria","this paper","09/02/2021",2021.668493,"Mindoro"
"4B-21-310",NA,NA,"Southwestern Tagalog Region","Oriental Mindoro",2022,"Philippines","SEA4",NA,"10/03/2021","Canis familiaris",NA,"Tabinay","Puerto Galera","this paper","10/03/2021",2021.753425,"Mindoro"
"4B-21-35",NA,NA,"Southwestern Tagalog Region","Oriental Mindoro",2021,"Philippines","SEA4",NA,"05/03/2021","Canis familiaris",NA,"Tabinay","Puerto Galera","this paper","05/03/2021",2021.334247,"Mindoro"
"4B-21-412",NA,NA,"Southwestern Tagalog Region","Oriental Mindoro",2022,"Philippines","SEA4",NA,"12/04/2021","Canis familiaris",NA,"Sto Nino","Puerto Galera","this paper","12/04/2021",2021.923288,"Mindoro"
"4B-21-421",NA,NA,"Southwestern Tagalog Region","Oriental Mindoro",2021,"Philippines","SEA4",NA,"14/04/2021","Canis familiaris",NA,"Malapad","Baco","this paper","4/14/21",2021.282192,"Mindoro"
"4B-21-423",NA,NA,"Southwestern Tagalog Region","Oriental Mindoro",2021,"Philippines","SEA4",NA,"23/04/2021","Canis familiaris",NA,"Camilmil","Calapan","this paper","4/23/21",2021.306849,"Mindoro"
"4B-21-528",NA,NA,"Southwestern Tagalog Region","Oriental Mindoro",2021,"Philippines","SEA4",NA,"28/05/2021","Canis familiaris",NA,"Aninuan","Puerto Galera","this paper","5/28/21",2021.40274,"Mindoro"
"4B-21622",NA,NA,"Southwestern Tagalog Region","Oriental Mindoro",2022,"Philippines","SEA4",NA,"16/02/2022","Canis familiaris",NA,"Mangangan","Baco","this paper","2/16/22",2022.126027,"Mindoro"
"4B-22-114",NA,NA,"Southwestern Tagalog Region","Oriental Mindoro",2022,"Philippines","SEA4",NA,"14/01/2022","Canis familiaris",NA,"Mayabig","Baco","this paper","1/14/22",2022.035616,"Mindoro"
"4B-22-13",NA,NA,"Southwestern Tagalog Region","Oriental Mindoro",2022,"Philippines","SEA4",NA,"22/04/2022","Canis familiaris",NA,"Teresita","Mansalay","this paper","4/22/22",2022.30411,"Mindoro"
"4B-22-15",NA,NA,"Southwestern Tagalog Region","Oriental Mindoro",2022,"Philippines","SEA4",NA,"05/01/2022","Canis familiaris",NA,"San Isidro","PuertoÂ Galera","this paper","05/01/2022",2022.328767,"Mindoro"
"4B-22-16",NA,NA,"Southwestern Tagalog Region","Oriental Mindoro",2022,"Philippines","SEA4",NA,"28/04/2022","Canis familiaris",NA,"Orcenuma","Bongabong","this paper","4/28/22",2022.320548,"Mindoro"
"4B-22-17",NA,NA,"Southwestern Tagalog Region","Oriental Mindoro",2023,"Philippines","SEA4",NA,"08/05/2022","Canis familiaris",NA,"Narra","Gloria","this paper","08/05/2022",2022.591781,"Mindoro"
"4B-22-20",NA,NA,"Southwestern Tagalog Region","Oriental Mindoro",2022,"Philippines","SEA4",NA,"19/05/2022","Canis familiaris",NA,"Don Pedro","Mansalay","this paper","5/19/22",2022.378082,"Mindoro"
"4B-22-21",NA,NA,"Southwestern Tagalog Region","Oriental Mindoro",2022,"Philippines","SEA4",NA,"31/05/2022","Canis familiaris",NA,"Panggulayan","Pinamalayan","this paper","5/31/22",2022.410959,"Mindoro"
"4B-22-28",NA,NA,"Southwestern Tagalog Region","Oriental Mindoro",2023,"Philippines","SEA4",NA,"27/07/2022","Canis familiaris",NA,"Mangangan","Baco","this paper","7/27/22",2022.567123,"Mindoro"
"4B-22-30",NA,NA,"Southwestern Tagalog Region","Oriental Mindoro",2023,"Philippines","SEA4",NA,"12/08/2022","Canis familiaris",NA,"Bangkatan","Baco","this paper","12/08/2022",2022.934247,"Mindoro"
"4B-22-31",NA,NA,"Southwestern Tagalog Region","Oriental Mindoro",2023,"Philippines","SEA4",NA,"18/08/2022","Canis familiaris",NA,"Bayanan","Pola","this paper","8/18/22",2022.627397,"Mindoro"
"4B-22-35",NA,NA,"Southwestern Tagalog Region","Oriental Mindoro",2023,"Philippines","SEA4",NA,"25/10/2022","Canis familiaris",NA,"Bagumbayan","Roxas","this paper","10/25/22",2022.813699,"Mindoro"
"4B-22-37",NA,NA,"Southwestern Tagalog Region","Romblon",2022,"Philippines","SEA4",NA,"01/10/2022","Canis familiaris",NA,"San Isidro","Alcantara","this paper","01/10/2022",2022.024658,"Other"
"4B-22-39",NA,NA,"Southwestern Tagalog Region","Romblon",2023,"Philippines","SEA4",NA,"21/10/2022","Canis familiaris",NA,"San Isidro","Alcantara","this paper","10/21/22",2022.80274,"Other"
"4B-22-40",NA,NA,"Southwestern Tagalog Region","Oriental Mindoro",2022,"Philippines","SEA4",NA,"02/12/2022","Canis familiaris",NA,"Balugo","Mansalay","this paper","02/12/2022",2022.115068,"Mindoro"
"4B-22-41",NA,NA,"Southwestern Tagalog Region","Romblon",2023,"Philippines","SEA4",NA,"24/11/2022","Canis familiaris",NA,"Dapawan","Odiongan","this paper","11/24/22",2022.89589,"Other"
"4B-22-42",NA,NA,"Southwestern Tagalog Region","Romblon",2023,"Philippines","SEA4",NA,"26/11/2022","Canis familiaris",NA,"Bonlao","Alcantara","this paper","11/26/22",2022.90137,"Other"
"4B-22-44",NA,NA,"Southwestern Tagalog Region","Romblon",2023,"Philippines","SEA4",NA,"11/12/2022","Canis familiaris",NA,"Dapawan","Odiongan","this paper","11/12/2022",2022.863014,"Other"
"4B-22-45",NA,NA,"Southwestern Tagalog Region","Romblon",2023,"Philippines","SEA4",NA,"12/12/2022","Canis familiaris",NA,"Concepcion Sur","Santa Maria","this paper","12/12/2022",2022.945205,"Other"
"4B-23-01",NA,NA,"Southwestern Tagalog Region","Romblon",2023,"Philippines","SEA4",NA,"20/01/2023","Canis familiaris",NA,"Concepcion Norte","Santa Maria","this paper","1/20/23",2023.052055,"Other"
"4B-23-02",NA,NA,"Southwestern Tagalog Region","Romblon",2023,"Philippines","SEA4",NA,"13/01/2023","Canis familiaris",NA,"Dapawan","Odiongan","this paper","1/13/23",2023.032877,"Other"
"4B-23-03",NA,NA,"Southwestern Tagalog Region","Romblon",2023,"Philippines","SEA4",NA,"22/01/2023","Canis familiaris",NA,"Sugod","San Agustin","this paper","1/22/23",2023.057534,"Other"
"4B-23-04",NA,NA,"Southwestern Tagalog Region","Romblon",2023,"Philippines","SEA4",NA,"31/01/2023","Canis familiaris",NA,"Carmen","San Agustin","this paper","1/31/23",2023.082192,"Other"
"4B-23-05",NA,NA,"Southwestern Tagalog Region","Romblon",2023,"Philippines","SEA4",NA,"20/01/2023","Canis familiaris",NA,"Sugod","San Agustin","this paper","1/20/23",2023.052055,"Other"
"4B-23-06",NA,NA,"Southwestern Tagalog Region","Romblon",2023,"Philippines","SEA4",NA,"02/02/2023","Canis familiaris",NA,"Concepcion Norte","Santa Maria","this paper","02/02/2023",2023.087671,"Other"
"4B-23-07",NA,NA,"Southwestern Tagalog Region","Romblon",2023,"Philippines","SEA4",NA,"07/02/2023","Canis familiaris",NA,"Concepcion Sur","Santa Maria","this paper","07/02/2023",2023.49863,"Other"
"4B-23-11",NA,NA,"Southwestern Tagalog Region","Romblon",2023,"Philippines","SEA4",NA,"07/02/2023","Canis familiaris",NA,"Jun Carlo","San Andres","this paper","07/02/2023",2023.49863,"Other"
"4B-23-12",NA,NA,"Southwestern Tagalog Region","Romblon",2023,"Philippines","SEA4",NA,"14/02/2023","Canis familiaris",NA,"Concepcion Norte","Santa Maria","this paper","2/14/23",2023.120548,"Other"
"4B-23-13",NA,NA,"Southwestern Tagalog Region","Romblon",2024,"Philippines","SEA4",NA,"09/02/2023","Canis familiaris",NA,"Rizal","Odiongan","this paper","09/02/2023",2023.668493,"Other"
"4B-23-15",NA,NA,"Southwestern Tagalog Region","Romblon",2023,"Philippines","SEA4",NA,"16/02/2023","Canis familiaris",NA,"Poctoy","Odiongan","this paper","2/16/23",2023.126027,"Other"
"4B-23-16",NA,NA,"Southwestern Tagalog Region","Romblon",2023,"Philippines","SEA4",NA,"28/02/2023","Canis familiaris",NA,"Dapawan","Odiongan","this paper","2/28/23",2023.158904,"Other"
"4B-23-17",NA,NA,"Southwestern Tagalog Region","Romblon",2023,"Philippines","SEA4",NA,"01/03/2023","Canis familiaris",NA,"Poctoy","Odiongan","this paper","01/03/2023",2023.005479,"Other"
"4B-23-19",NA,NA,"Southwestern Tagalog Region","Romblon",2023,"Philippines","SEA4",NA,"01/03/2023","Canis familiaris",NA,"Mahabang Baybay","San Agustin","this paper","01/03/2023",2023.005479,"Other"
"4B-2422",NA,NA,"Southwestern Tagalog Region","Occidental Mindoro",2022,"Philippines","SEA4",NA,"04/02/2022","Canis familiaris",NA,"Concepcion","Calintaan","this paper","04/02/2022",2022.249315,"Mindoro"
"4B-2922HM",NA,NA,"Southwestern Tagalog Region","Oriental Mindoro",2023,"Philippines","SEA4",NA,"09/02/2022","Canis familiaris",NA,"Mangangan","Baco","this paper","09/02/2022",2022.668493,"Mindoro"
"4B-2922JG",NA,NA,"Southwestern Tagalog Region","Oriental Mindoro",2023,"Philippines","SEA4",NA,"09/02/2022","Canis familiaris",NA,"Anilao","Bongabong","this paper","09/02/2022",2022.668493,"Mindoro"
"94272PHI",NA,NA,NA,"",1994,"Philippines","SEA4","KX148259","1994","Canis familiaris",NA,NA,"-","rabv-glue","01/01/1994",1994,"Other"
"94275PHI",NA,NA,NA,"",1994,"Philippines","SEA4","KX148263","1994","Canis familiaris",NA,NA,"-","rabv-glue","01/01/1994",1994,"Other"
"94278PHI",NA,NA,NA,"",1994,"Philippines","SEA4","KX148262","1994","Canis familiaris",NA,NA,"-","rabv-glue","01/01/1994",1994,"Other"
"94281PHI",NA,NA,NA,"",1994,"Philippines","SEA4","KX148261","1994","Canis familiaris",NA,NA,"-","rabv-glue","01/01/1994",1994,"Other"
"BAI/BAI3/2019-01/fel",NA,NA,"National Capital Region","Bulacan",2019,"Philippines","SEA4","MN857171","2019","feline",NA,NA,"San Miguel, Bulacan","rabv-glue","01/01/2019",2019,"Other"
"BAI/BAI4A/2019-01/can",NA,NA,"Calabarzon","Rizal",2019,"Philippines","SEA4","MN857170","2019","Canis familiaris",NA,NA,"Angono, Rizal","rabv-glue","01/01/2019",2019,"Other"
"BAI/BAINCR/2019-01/can",NA,NA,"National Capital Region","Metropolitan Manila",2019,"Philippines","SEA4","MN857167","2019","Canis familiaris",NA,NA,"Caloocan City","rabv-glue","01/01/2019",2019,"Other"
"BAI/BAINCR/2019-02/can",NA,NA,"National Capital Region","Metropolitan Manila",2019,"Philippines","SEA4","MN857168","2019","Canis familiaris",NA,NA,"Quezon City","rabv-glue","01/01/2019",2019,"Other"
"BAI/BAINCR/2019-03/can",NA,NA,"National Capital Region","Metropolitan Manila",2019,"Philippines","SEA4","MN857169","2019","Canis familiaris",NA,NA,"Pasay City","rabv-glue","01/01/2019",2019,"Other"
"R1-21-148",NA,NA,"Ilocos Region","Pangasinan",2022,"Philippines","SEA4",NA,"10/04/2021","Canis familiaris",NA,"Malibong","Urbiztondo","this paper","10/04/2021",2021.756164,"Other"
"R10-688",NA,NA,"Northern Mindanao","Bukidnon",2021,"Philippines","SEA4",NA,"02/07/2021","Canis familiaris",NA,NA,"Malaybalay","this paper","02/07/2021",2021.10137,"Other"
"R10-711",NA,NA,"Northern Mindanao","Misamis Oriental",2022,"Philippines","SEA4",NA,"12/07/2021","Canis familiaris",NA,"Balulang","Cagayan de Oro","this paper","12/07/2021",2021.931507,"Other"
"R10-714",NA,NA,"Northern Mindanao","Misamis Oriental ",2022,"Philippines","SEA4",NA,"11/07/2021","Canis familiaris",NA,"Bonbon","Opol","this paper","11/07/2021",2021.849315,"Other"
"R10-824",NA,NA,"Northern Mindanao","Misamis Oriental ",2022,"Philippines","SEA4",NA,"09/09/2021","Canis familiaris",NA,"Bulua","Cagayan de Oro","this paper","09/09/2021",2021.687671,"Other"
"R10-856",NA,NA,"Northern Mindanao","Misamis Oriental",2022,"Philippines","SEA4",NA,"27/09/2021","Canis familiaris",NA,NA,"Manticao","this paper","9/27/21",2021.736986,"Other"
"R10-907",NA,NA,"Northern Mindanao","Misamis Oriental",2022,"Philippines","SEA4",NA,"25/10/2021","Canis familiaris",NA,"Gango","Libona","this paper","10/25/21",2021.813699,"Other"
"R10-920",NA,NA,"Northern Mindanao","Bukidnon",2022,"Philippines","SEA4",NA,"26/10/2021","Canis familiaris",NA,"Agusan","Cagayan de Oro","this paper","10/26/21",2021.816438,"Other"
"R10-989",NA,NA,"Northern Mindanao","Misamis Oriental",2022,"Philippines","SEA4",NA,"25/11/2021","Canis familiaris",NA,"Barangay 1","Gingoog","this paper","11/25/21",2021.89863,"Other"
"R10-990",NA,NA,"Northern Mindanao","Misamis Oriental",2022,"Philippines","SEA4",NA,"25/11/2021","Canis familiaris",NA,"Agay-Ayan","Gingoog","this paper","11/25/21",2021.89863,"Other"
"R11-21-61",NA,NA,"Bangsamoro","Misamis Oriental",2022,"Philippines","SEA4",NA,"11/08/2021","Canis familiaris",NA,NA,"Midsayap","this paper","11/08/2021",2021.852055,"Other"
"R11-21-63",NA,NA,"Davao Region","Cotabato",2021,"Philippines","SEA4",NA,"04/10/2021","Canis familiaris",NA,NA,"Tagum","this paper","04/10/2021",2021.271233,"Other"
"R11-22-002",NA,NA,"Davao Region","Davao Del Norte",2022,"Philippines","SEA4",NA,"05/01/2022","Canis familiaris",NA,"Talomo","Davao","this paper","05/01/2022",2022.328767,"Other"
"R2-081",NA,NA,"Cagayan Valley","Cagayan",2021,"Philippines","SEA4",NA,"31/08/2020","Canis familiaris",NA,"Ugac Norte","Tuguegarao","this paper","8/31/20",2020.663934,"Other"
"R3-731",NA,NA,"Central Luzon","Nueva Ecija",2022,"Philippines","SEA4",NA,"09/12/2021","Canis familiaris",NA,"Sangitan","Cabanatuan","this paper","09/12/2021",2021.69589,"Other"
"R5-09",NA,NA,"Bicol Region","Albay",2022,"Philippines","SEA4",NA,"07/02/2022","Felis catus",NA,"Bauud","Malilipot","this paper","07/02/2022",2022.49863,"Other"
"R5-21-115",NA,NA,"Bicol Region","Camarines Norte",2022,"Philippines","SEA4",NA,"28/09/2021","Canis familiaris",NA,"Pob. III","Vinzons","this paper","9/28/21",2021.739726,"Other"
"R5-21-119",NA,NA,"Bicol Region","Sorsogon",2022,"Philippines","SEA4",NA,"15/10/2021","Canis familiaris",NA,"San Pedro","Irosin","this paper","10/15/21",2021.786301,"Other"
"R5-21-128",NA,NA,"Bicol Region","Camarines Sur",2022,"Philippines","SEA4",NA,"09/11/2021","Canis familiaris",NA,"Cararayan","Naga","this paper","09/11/2021",2021.693151,"Other"
"R5-21-132",NA,NA,"Bicol Region","Albay",2022,"Philippines","SEA4",NA,"15/11/2021","Canis familiaris",NA,"Labnig","Malinao","this paper","11/15/21",2021.871233,"Other"
"R5-21-136",NA,NA,"Bicol Region","Albay",2021,"Philippines","SEA4",NA,"02/12/2021","Canis familiaris",NA,NA,"Libon","this paper","02/12/2021",2021.115068,"Other"
"R5-21-140",NA,NA,"Bicol Region","Camarines Norte",2022,"Philippines","SEA4",NA,"10/12/2021","Canis familiaris",NA,"Calang Calawan","Vinzons","this paper","10/12/2021",2021.778082,"Other"
"R5-22-008",NA,NA,"Bicol Region","Albay",2022,"Philippines","SEA4",NA,"02/02/2022","Canis familiaris",NA,"Sto. Cristo","Tabaco","this paper","02/02/2022",2022.087671,"Other"
"R6-21-4375",NA,NA,"Western Visayas","Iloilo",2021,"Philippines","SEA4",NA,"01/10/2021","Canis familiaris",NA,"Labigan","Sara","this paper","01/10/2021",2021.024658,"Other"
"R6-21-4511",NA,NA,"Western Visayas","Antique",2022,"Philippines","SEA4",NA,"08/10/2021","Canis familiaris",NA,"San Isidro","Tibiao","this paper","08/10/2021",2021.605479,"Other"
"R6-21-4600",NA,NA,"Western Visayas","Iloilo",2022,"Philippines","SEA4",NA,"14/10/2021","Canis familiaris",NA,"Jibao-An","Pavia","this paper","10/14/21",2021.783562,"Other"
"R6-4342",NA,NA,"Western Visayas","Iloilo",2022,"Philippines","SEA4",NA,"30/09/2021","Bos taurus",NA,"Cabanban","Oton","this paper","9/30/21",2021.745205,"Other"
"R6-4568",NA,NA,"Western Visayas","Guimaras",2022,"Philippines","SEA4",NA,"13/10/2021","Canis familiaris",NA,"Avila","Buenavista","this paper","10/13/21",2021.780822,"Other"
"R7-21-161",NA,NA,"Central Visayas","Cebu",2022,"Philippines","SEA4",NA,"18/10/2021","Canis familiaris",NA,"Pusok","Lapu lapu","this paper","10/18/21",2021.794521,"Other"
"R9-010",NA,NA,"Zamboanga Peninsula","Zamboanga Del Sur",2020,"Philippines","SEA4",NA,"27/01/2020","Felis catus",NA,"San Roque","Zamboanga","this paper","1/27/20",2020.071038,"Other"
"R9-074",NA,NA,"Zamboanga Peninsula","Zamboanga Del Sur",2022,"Philippines","SEA4",NA,"20/08/2021","Canis familiaris",NA,"Cogon","Sagun","this paper","8/20/21",2021.632877,"Other"
"R9-089",NA,NA,"Zamboanga Peninsula","Zamboanga Sibugay",2022,"Philippines","SEA4",NA,"07/10/2021","Canis familiaris",NA,"Pangi","Ipil","this paper","07/10/2021",2021.520548,"Other"
"R9-105",NA,NA,"Zamboanga Peninsula","Zamboanga Del Norte",2022,"Philippines","SEA4",NA,"09/12/2021","Canis familiaris",NA,"Lopoc","Labason","this paper","09/12/2021",2021.69589,"Other"
"RADDL1-16-153",NA,NA,"Ilocos Region ","Pangasinan",2017,"Philippines","SEA4",NA,"18/07/2016","Canis familiaris",NA,"Real","Urbiztondo","this paper","7/18/16",2016.543716,"Other"
"RADDL1-16-154",NA,NA,"Ilocos Region ","Pangasinan",2016,"Philippines","SEA4","MN726857","2016","Canis lupus familiaris",NA,NA,"-","rabv-glue","01/01/2016",2016,"Other"
"RADDL1-16-166",NA,NA,"Ilocos Region ","Pangasinan",2017,"Philippines","SEA4",NA,"09/08/2016","Canis familiaris",NA,"West","Pabling","this paper","09/08/2016",2016.685792,"Other"
"RADDL3-1038",NA,NA,"Central Luzon","Pampanga",2015,"Philippines","SEA4","MN726850","2015","Canis lupus familiaris",NA,NA,"-","rabv-glue","01/01/2015",2015,"Other"
"RADDL3-1045",NA,NA,"Central Luzon","Bataan",2016,"Philippines","SEA4","MN726863","23/10/2015","Canis familiaris",NA,"St. Francis","Limay","this paper","10/23/15",2015.808219,"Other"
"RADDL3-15-172",NA,NA,"Central Luzon","Nueva Ecija",2016,"Philippines","SEA4","MN726859","12/02/2015","Canis familiaris",NA,"Cvo","San Jose","this paper","12/02/2015",2015.917808,"Other"
"RADDL3-16-1008",NA,NA,"Central Luzon","Nueva Ecija",2017,"Philippines","SEA4",NA,"27/10/2016","Canis familiaris",NA,"Pamaldan","Cabanatuan City","this paper","10/27/16",2016.819672,"Other"
"RADDL3-16-468",NA,NA,"Central Luzon","Pampanga",2016,"Philippines","SEA4",NA,"01/06/2016","Canis familiaris",NA,"Sta Teresita","Angeles","this paper","01/06/2016",2016.013661,"Other"
"RADDL3-16-521",NA,NA,"Central Luzon","Bulacan",2016,"Philippines","SEA4",NA,"15/06/2016","Canis familiaris",NA,"Bulihan","Malolos","this paper","6/15/16",2016.453552,"Other"
"RADDL3-16-627",NA,NA,"Central Luzon","Bulacan",2017,"Philippines","SEA4",NA,"27/07/2016","Canis familiaris",NA,"Ligas","Malolos","this paper","7/27/16",2016.568306,"Other"
"RADDL3-845",NA,NA,"Central Luzon","Pampanga",2015,"Philippines","SEA4","MN726864","02/09/2015","Canis familiaris",NA,"San Jose","Floridablanca","this paper","02/09/2015",2015.106849,"Other"
"RADDL5-005",NA,NA,"Bicol Region","Camarines Sur",2015,"Philippines","SEA4","MN726877","30/01/2015","Canis familiaris",NA,"San Nicolas","Iriga","this paper","1/30/15",2015.079452,"Other"
"REGION_5_2018-100",NA,NA,"Bicol Region","Albay",2018,"Philippines","SEA4","MN726860","2018","Canis lupus familiaris",NA,NA,"-","rabv-glue","01/01/2018",2018,"Other"
"REGION_5_2018-304",NA,NA,"Bicol Region","Albay",2018,"Philippines","SEA4","MN726876","2018","Canis lupus familiaris",NA,NA,"-","rabv-glue","01/01/2018",2018,"Other"
"REGION_5_2018-311",NA,NA,"Bicol Region","Albay",2018,"Philippines","SEA4","MN726875","2018","Canis lupus familiaris",NA,NA,"-","rabv-glue","01/01/2018",2018,"Other"
"REGION_5_2018-50",NA,NA,"Bicol Region","Albay",2018,"Philippines","SEA4","MN726852","2018","Canis lupus familiaris",NA,NA,"-","rabv-glue","01/01/2018",2018,"Other"
"REGION_5_2019-1",NA,NA,"Bicol Region","Albay",2019,"Philippines","SEA4","MN726880","2019","Canis lupus familiaris",NA,NA,"-","rabv-glue","01/01/2019",2019,"Other"
"REGION_5_2019-13",NA,NA,"Bicol Region","Albay",2019,"Philippines","SEA4","MN726842","2019","Canis lupus familiaris",NA,NA,"-","rabv-glue","01/01/2019",2019,"Other"
"Z-04-664",NA,NA,"National Capital Region","Metropolitan Manila",2005,"Philippines","SEA4",NA,"15/12/2004","Canis familiaris",NA,"Lower Bicutan","Taguig","this paper","12/15/04",2004.953552,"Other"
"Z-05-102",NA,NA,"National Capital Region","Metropolitan Manila",2005,"Philippines","SEA4",NA,"21/02/2005","Canis familiaris",NA,NA,"Muntinlupa","this paper","2/21/05",2005.139726,"Other"
"Z-05-191",NA,NA,"National Capital Region","Metropolitan Manila",2006,"Philippines","SEA4",NA,"10/04/2005","Canis familiaris",NA,"Lower Bicutan","Taguig","this paper","10/04/2005",2005.756164,"Other"
"Z-05-557",NA,NA,"National Capital Region","Metropolitan Manila",2005,"Philippines","SEA4",NA,"03/12/2005","Canis familiaris",NA,"Rizal","Makati","this paper","03/12/2005",2005.191781,"Other"
"Z-05-96",NA,NA,"National Capital Region","Metropolitan Manila",2005,"Philippines","SEA4",NA,"17/02/2005","Canis familiaris",NA,"Maywood Sucat","Paranaque","this paper","2/17/05",2005.128767,"Other"
"Z-06-150",NA,NA,"Calabarzon","Batangas",2006,"Philippines","SEA4",NA,"24/04/2006","Canis familiaris",NA,"Balete","Batangas","this paper","4/24/06",2006.309589,"Other"
"Z-06-295",NA,NA,"Calabarzon","Batangas",2007,"Philippines","SEA4",NA,"22/07/2006","Canis familiaris",NA,"Lucsuhin","Calatagan","this paper","7/22/06",2006.553425,"Other"
"Z-06-39",NA,NA,"Calabarzon","Batangas",2006,"Philippines","SEA4",NA,"26/01/2006","Canis familiaris",NA,"Ambulong","Tanauan","this paper","1/26/06",2006.068493,"Other"
"Z-07-07",NA,NA,"Calabarzon","Cavite",2008,"Philippines","SEA4",NA,"08/01/2007","Canis familiaris",NA,"Molino 6","General Trias","this paper","08/01/2007",2007.580822,"Other"
"Z-07-22",NA,NA,"Calabarzon","Cavite",2007,"Philippines","SEA4",NA,"23/01/2007","Canis familiaris",NA,"Tierra Nevada","Amadeo","this paper","1/23/07",2007.060274,"Other"
"Z-07-351",NA,NA,"National Capital Region","Metropolitan Manila",2008,"Philippines","SEA4",NA,"25/10/2007","Canis familiaris",NA,NA,"Taguig","this paper","10/25/07",2007.813699,"Other"
"Z-07-366",NA,NA,"Calabarzon","Batangas",2008,"Philippines","SEA4",NA,"12/11/2007","Canis familiaris",NA,"Wawa","Lipa","this paper","12/11/2007",2007.942466,"Other"
"Z-07-38",NA,NA,"Calabarzon","Cavite",2007,"Philippines","SEA4",NA,"02/05/2007","Canis familiaris",NA,"Timbol","Bacoor","this paper","02/05/2007",2007.09589,"Other"
"Z-07-387",NA,NA,"Calabarzon","Quezon",2008,"Philippines","SEA4",NA,"07/12/2007","Canis familiaris",NA,"Bagong Liing","San Antonio","this paper","07/12/2007",2007.526027,"Other"
"Z-07-398",NA,NA,"Calabarzon","Laguna",2008,"Philippines","SEA4",NA,"19/12/2007","Canis familiaris",NA,"Paciano Rizal","Calamba","this paper","12/19/07",2007.964384,"Other"
"Z-07-403",NA,NA,"Calabarzon","Quezon",2008,"Philippines","SEA4",NA,"22/12/2007","Canis familiaris",NA,"Sampagutia Exit","Lucena","this paper","12/22/07",2007.972603,"Other"
"Z-07-407",NA,NA,"National Capital Region","Metropolitan Manila",2008,"Philippines","SEA4",NA,"26/12/2007","Canis familiaris",NA,"Southland Talon 1","Las Pinas","this paper","12/26/07",2007.983562,"Other"
"Z-08-351",NA,NA,"Calabarzon","Cavite",2009,"Philippines","SEA4",NA,"12/12/2008","Canis familiaris",NA,NA,"GMA","this paper","12/12/2008",2008.945355,"Other"
"Z-08-359",NA,NA,"Calabarzon","Laguna",2009,"Philippines","SEA4",NA,"25/12/2008","Canis familiaris",NA,"San Lucas II","San Pablo","this paper","12/25/08",2008.980874,"Other"
"Z-09-94",NA,NA,"National Capital Region","Metropolitan Manila",2010,"Philippines","SEA4",NA,"08/04/2009","Canis familiaris",NA,"Brgy 191","Pasay","this paper","08/04/2009",2009.589041,"Other"
"Z-12-001",NA,NA,"Calabarzon","Laguna",2012,"Philippines","SEA4","MN726845","2012","Canis lupus familiaris",NA,NA,"-","rabv-glue","01/01/2012",2012,"Other"
"Z-12-012",NA,NA,"Calabarzon","Batangas",2012,"Philippines","SEA4",NA,"16/01/2012","Canis familiaris",NA,"Sulpoc","Tanauan","this paper","1/16/12",2012.040984,"Other"
"Z-12-029",NA,NA,"National Capital Region","Metropolitan Manila",2012,"Philippines","SEA4",NA,"03/02/2012","Canis familiaris",NA,"Sss Village","Marikina","this paper","03/02/2012",2012.166667,"Other"
"Z-12-060",NA,NA,"Calabarzon","Cavite",2012,"Philippines","SEA4",NA,"25/02/2012","Canis familiaris",NA,"F.De Castro","GMA","this paper","2/25/12",2012.150273,"Other"
"Z-12-088",NA,NA,"National Capital Region","Metropolitan Manila",2012,"Philippines","SEA4","MN726843","2012","Canis lupus familiaris",NA,NA,"-","rabv-glue","01/01/2012",2012,"Other"
"Z-12-118",NA,NA,"Calabarzon","Cavite",2012,"Philippines","SEA4","MN726856","2012","Canis lupus familiaris",NA,NA,"-","rabv-glue","01/01/2012",2012,"Other"
"Z-12-134",NA,NA,"Calabarzon","Cavite",2012,"Philippines","SEA4","MN726874","2012","Canis lupus familiaris",NA,NA,"-","rabv-glue","01/01/2012",2012,"Other"
"Z-12-149",NA,NA,"Southwestern Tagalog Region","Oriental Mindoro",2012,"Philippines","SEA4","MN726853","28/06/2012","Canis familiaris",NA,"Palayan","Pinamalayan","this paper","6/28/12",2012.489071,"Mindoro"
"Z-12-208",NA,NA,"National Capital Region","Metropolitan Manila",2012,"Philippines","SEA4",NA,"02/10/2012","Canis familiaris",NA,"De Paro St.","Caloocan","this paper","02/10/2012",2012.10929,"Other"
"Z-12-212",NA,NA,"Calabarzon","Batangas",2012,"Philippines","SEA4","MN726879","2012","Canis lupus familiaris",NA,NA,"-","rabv-glue","01/01/2012",2012,"Other"
"Z-13-002",NA,NA,"National Capital Region","Metropolitan Manila",2013,"Philippines","SEA4","MN726836","2013","Canis lupus familiaris",NA,NA,"-","rabv-glue","01/01/2013",2013,"Other"
"Z-13-009",NA,NA,"Calabarzon","Cavite",2013,"Philippines","SEA4","MN726837","2013","Canis lupus familiaris",NA,NA,"-","rabv-glue","01/01/2013",2013,"Other"
"Z-13-020",NA,NA,"National Capital Region","Metropolitan Manila",2013,"Philippines","SEA4",NA,"02/02/2013","Canis familiaris",NA,"Sucat","Muntinlupa","this paper","02/02/2013",2013.087671,"Other"
"Z-13-032",NA,NA,"National Capital Region","Metropolitan Manila",2013,"Philippines","SEA4","MN726862","14/02/2013","Canis familiaris",NA,"Lower Bicutan","Taguig","this paper","2/14/13",2013.120548,"Other"
"Z-13-036",NA,NA,"National Capital Region","Metropolitan Manila",2013,"Philippines","SEA4",NA,"25/02/2013","Canis familiaris",NA,"Upper Bicutan","Taguig","this paper","2/25/13",2013.150685,"Other"
"Z-13-065",NA,NA,"Calabarzon","Batangas",2013,"Philippines","SEA4",NA,"04/04/2013","Canis familiaris",NA,"Dumuclay North","Batangas","this paper","04/04/2013",2013.254795,"Other"
"Z-13-066",NA,NA,"Calabarzon","Cavite",2013,"Philippines","SEA4","MN726878","05/04/2013","Canis familiaris",NA,"Bayan Luma","Imus","this paper","05/04/2013",2013.336986,"Other"
"Z-13-071",NA,NA,"National Capital Region","Metropolitan Manila",2014,"Philippines","SEA4","MN726871","10/04/2013","Canis familiaris",NA,"Golden Acres","Las Pinas","this paper","10/04/2013",2013.756164,"Other"
"Z-13-073",NA,NA,"National Capital Region","Metropolitan Manila",2014,"Philippines","SEA4",NA,"12/04/2013","Canis familiaris",NA,"Bf Homes","Paranaque","this paper","12/04/2013",2013.923288,"Other"
"Z-13-081",NA,NA,"Calabarzon","Laguna",2013,"Philippines","SEA4",NA,"25/04/2013","Canis familiaris",NA,"Sto. Angel Norte","Sta. Cruz","this paper","4/25/13",2013.312329,"Other"
"Z-13-086",NA,NA,"Calabarzon","Rizal",2013,"Philippines","SEA4",NA,"03/05/2013","Canis familiaris",NA,"San Carlos","Binangonan","this paper","03/05/2013",2013.172603,"Other"
"Z-13-089",NA,NA,"Calabarzon","Cavite",2013,"Philippines","SEA4",NA,"04/05/2013","Canis familiaris",NA,"Malainen Luma","Naic","this paper","04/05/2013",2013.257534,"Other"
"Z-13-094",NA,NA,"Calabarzon","Cavite",2014,"Philippines","SEA4","MN726838","10/05/2013","Canis familiaris",NA,"Palico II","Imus","this paper","10/05/2013",2013.758904,"Other"
"Z-13-096",NA,NA,"National Capital Region","Metropolitan Manila",2014,"Philippines","SEA4","MN726869","12/05/2013","Felis catus",NA,"Bf International","Las Pinas","this paper","12/05/2013",2013.926027,"Other"
"Z-13-098",NA,NA,"National Capital Region","Metropolitan Manila",2013,"Philippines","SEA4",NA,"13/05/2013","Canis familiaris",NA,NA,"San Juan","this paper","5/13/13",2013.361644,"Other"
"Z-13-134",NA,NA,"National Capital Region","Metropolitan Manila",2014,"Philippines","SEA4",NA,"10/06/2013","Canis familiaris",NA,"Sto. Nino Vill.,Tunasan","Muntinlupa","this paper","10/06/2013",2013.761644,"Other"
"Z-13-135",NA,NA,"Calabarzon","Cavite",2014,"Philippines","SEA4",NA,"12/06/2013","Canis familiaris",NA,"Alulod","Indang","this paper","12/06/2013",2013.928767,"Other"
"Z-13-161",NA,NA,"Calabarzon","Laguna",2014,"Philippines","SEA4",NA,"20/07/2013","Canis familiaris",NA,"Pansol","Calamba","this paper","7/20/13",2013.547945,"Other"
"Z-13-171",NA,NA,"Calabarzon","Batangas",2013,"Philippines","SEA4",NA,"05/08/2013","Canis familiaris",NA,"Pinamocan Silangan","Batangas","this paper","05/08/2013",2013.347945,"Other"
"Z-13-184",NA,NA,"Calabarzon","Batangas",2014,"Philippines","SEA4",NA,"29/08/2013","Canis familiaris",NA,"Tabangaw","Batangas","this paper","8/29/13",2013.657534,"Other"
"Z-13-204",NA,NA,"Calabarzon","Laguna",2014,"Philippines","SEA4",NA,"26/09/2013","Canis familiaris",NA,"Dayap","Calauan","this paper","9/26/13",2013.734247,"Other"
"Z-13-216",NA,NA,"Southwestern Tagalog Region","Occidental Mindoro",2014,"Philippines","SEA4",NA,"25/10/2013","Canis familiaris",NA,"Bgy. 2","Mamburao","this paper","10/25/13",2013.813699,"Mindoro"
"Z-13-234",NA,NA,"Calabarzon","Laguna",2014,"Philippines","SEA4",NA,"15/11/2013","Canis familiaris",NA,"Mayapa","Calamba","this paper","11/15/13",2013.871233,"Other"
"Z-13-259",NA,NA,"Calabarzon","Cavite",2014,"Philippines","SEA4",NA,"18/12/2013","Canis familiaris",NA,"Pound","Cavite","this paper","12/18/13",2013.961644,"Other"
"Z-14-023",NA,NA,"Calabarzon","Laguna",2014,"Philippines","SEA4",NA,"31/01/2014","Canis familiaris",NA,"Poblacion I","Sta. Cruz","this paper","1/31/14",2014.082192,"Other"
"Z-14-033",NA,NA,"Calabarzon","Quezon",2014,"Philippines","SEA4","MN726844","07/02/2014","Canis familiaris",NA,"Bagumbayan, Zone 4","Atimonan","this paper","07/02/2014",2014.49863,"Other"
"Z-14-05",NA,NA,"Calabarzon","Cavite",2014,"Philippines","SEA4",NA,"05/01/2014","Canis familiaris",NA,"Pasong Camachile","General Trias","this paper","05/01/2014",2014.328767,"Other"
"Z-14-058",NA,NA,"Calabarzon","Rizal",2014,"Philippines","SEA4",NA,"14/03/2014","Canis familiaris",NA,NA,"Taytay","this paper","3/14/14",2014.19726,"Other"
"Z-14-098",NA,NA,"Calabarzon","Batangas",2014,"Philippines","SEA4",NA,"29/04/2014","Canis familiaris",NA,"Dita","Cuenca","this paper","4/29/14",2014.323288,"Other"
"Z-14-101",NA,NA,"National Capital Region","Metropolitan Manila",2014,"Philippines","SEA4",NA,"04/05/2014","Canis familiaris",NA,"Upper Bicutan","Taguig","this paper","04/05/2014",2014.257534,"Other"
"Z-14-106",NA,NA,"Calabarzon","Cavite",2015,"Philippines","SEA4",NA,"08/05/2014","Felis catus",NA,"Sta. Cruz","Cavite","this paper","08/05/2014",2014.591781,"Other"
"Z-14-126",NA,NA,"National Capital Region","Metropolitan Manila",2014,"Philippines","SEA4",NA,"31/05/2014","Canis familiaris",NA,"Talon 5","Las Pinas","this paper","5/31/14",2014.410959,"Other"
"Z-14-136",NA,NA,"Calabarzon","Cavite",2015,"Philippines","SEA4","MN726865","11/06/2014","Canis familiaris",NA,"Parklane,San Francisco","General Trias","this paper","11/06/2014",2014.846575,"Other"
"Z-14-138",NA,NA,"National Capital Region","Metropolitan Manila ",2014,"Philippines","SEA4","MN726866","2014","Canis lupus familiaris",NA,NA,"-","rabv-glue","01/01/2014",2014,"Other"
"Z-14-142",NA,NA,"Calabarzon","Laguna",2014,"Philippines","SEA4",NA,"21/06/2014","Canis familiaris",NA,"Mercedes Homes 3","Binan","this paper","6/21/14",2014.468493,"Other"
"Z-14-146",NA,NA,"Calabarzon","Batangas",2014,"Philippines","SEA4","MN726841","2014","Canis lupus familiaris",NA,NA,"-","rabv-glue","01/01/2014",2014,"Other"
"Z-14-149",NA,NA,"Calabarzon","Laguna",2014,"Philippines","SEA4","MN726870","2014","Canis lupus familiaris",NA,NA,"-","rabv-glue","01/01/2014",2014,"Other"
"Z-14-182",NA,NA,"Central Luzon","Bulacan",2015,"Philippines","SEA4",NA,"20/08/2014","Canis familiaris",NA,"San Francisco","Pulilan","this paper","8/20/14",2014.632877,"Other"
"Z-14-243",NA,NA,"Calabarzon","Laguna",2015,"Philippines","SEA4",NA,"13/11/2014","Canis familiaris",NA,"Bubukal St.","Sta. Cruz","this paper","11/13/14",2014.865753,"Other"
"Z-15-001",NA,NA,"Calabarzon","Rizal",2015,"Philippines","SEA4","MN726846","01/01/2015","Canis familiaris",NA,"Bagumbayan","Pililla","this paper","01/01/2015",2015,"Other"
"Z-15-009",NA,NA,"National Capital Region","Metropolitan Manila",2015,"Philippines","SEA4",NA,"16/01/2015","Canis familiaris",NA,"South Triangle","Quezon","this paper","1/16/15",2015.041096,"Other"
"Z-15-019",NA,NA,"National Capital Region","Metropolitan Manila",2015,"Philippines","SEA4","MN726861","2015","Canis lupus familiaris",NA,NA,"-","rabv-glue","01/01/2015",2015,"Other"
"Z-15-116",NA,NA,"Calabarzon","Laguna",2015,"Philippines","SEA4","MN726839","2015","Canis lupus familiaris",NA,NA,"-","rabv-glue","01/01/2015",2015,"Other"
"Z-15-130",NA,NA,"Calabarzon","Cavite",2015,"Philippines","SEA4","MN726881","2015","Canis lupus familiaris",NA,NA,"-","rabv-glue","01/01/2015",2015,"Other"
"Z-15-148",NA,NA,"National Capital Region","Metropolitan Manila",2015,"Philippines","SEA4","MN726840","2015","Canis lupus familiaris",NA,NA,"-","rabv-glue","01/01/2015",2015,"Other"
"Z-15-163",NA,NA,"Calabarzon","Cavite",2015,"Philippines","SEA4",NA,"05/09/2015","Canis familiaris",NA,"Panapaan 8","Bacoor","this paper","05/09/2015",2015.350685,"Other"
"Z-16-013",NA,NA,"Calabarzon","Laguna",2016,"Philippines","SEA4","MN726848","2016","Canis lupus familiaris",NA,NA,"-","rabv-glue","01/01/2016",2016,"Other"
"Z-16-082",NA,NA,"Calabarzon","Laguna",2016,"Philippines","SEA4","MN726868","24/05/2016","Canis familiaris",NA,"Caingin","Sta. Rosa","this paper","5/24/16",2016.393443,"Other"
"Z-16-150",NA,NA,"National Capital Region","Metropolitan Manila",2016,"Philippines","SEA4",NA,"05/09/2016","Canis familiaris",NA,"Putatan","Muntinlupa","this paper","05/09/2016",2016.352459,"Other"
"Z-16-151",NA,NA,"Calabarzon","Cavite",2016,"Philippines","SEA4",NA,"05/09/2016","Canis familiaris",NA,NA,"Carmona","this paper","05/09/2016",2016.352459,"Other"
"Z-16-159",NA,NA,"Calabarzon","Cavite",2016,"Philippines","SEA4","MN726855","2016","Canis lupus familiaris",NA,NA,"-","rabv-glue","01/01/2016",2016,"Other"
"Z-16-186",NA,NA,"Calabarzon","Rizal",2016,"Philippines","SEA4","MN726858","2016","Canis lupus familiaris",NA,NA,"-","rabv-glue","01/01/2016",2016,"Other"
"Z-16-196",NA,NA,"Calabarzon","Cavite",2017,"Philippines","SEA4",NA,"23/11/2016","Canis familiaris",NA,"Sampaloc","Dasmarinas","this paper","11/23/16",2016.893443,"Other"
"Z-16-209",NA,NA,"Calabarzon","Quezon",2017,"Philippines","SEA4","MN726872","14/12/2016","Canis familiaris",NA,"Pahinga Sur","Candelaria","this paper","12/14/16",2016.95082,"Other"
"Z-16-210",NA,NA,"National Capital Region","Metropolitan Manila",2017,"Philippines","SEA4","MN726847","16/12/2016","Canis familiaris",NA,"Almanza 2","Las Pinas","this paper","12/16/16",2016.956284,"Other"
"Z-16-211",NA,NA,"Calabarzon","Laguna",2017,"Philippines","SEA4","MN726882","19/12/2016","Canis familiaris",NA,"Las Villas De Manila","Binan","this paper","12/19/16",2016.964481,"Other"
"Z-17-046",NA,NA,"Calabarzon","Batangas",2017,"Philippines","SEA4",NA,"06/03/2017","Canis familiaris",NA,"Bgy. San Fernando","Sto. Tomas","this paper","06/03/2017",2017.419178,"Other"
"Z-17-174",NA,NA,"National Capital Region","Metropolitan Manila",2018,"Philippines","SEA4",NA,"23/09/2017","Canis familiaris",NA,"Poblacion","Muntinlupa","this paper","9/23/17",2017.726027,"Other"
"Z-17-177",NA,NA,"Calabarzon","Cavite",2018,"Philippines","SEA4",NA,"25/09/2017","Canis familiaris",NA,"Bgy. Navarro","General Trias","this paper","9/25/17",2017.731507,"Other"
"Z-17-193",NA,NA,"Calabarzon","Quezon",2018,"Philippines","SEA4",NA,"13/10/2017","Canis familiaris",NA,"Binonoan","Infanta","this paper","10/13/17",2017.780822,"Other"
"Z-17-200",NA,NA,"Calabarzon","Laguna",2018,"Philippines","SEA4",NA,"31/10/2017","Canis familiaris",NA,"Mamatid","Cabuyao","this paper","10/31/17",2017.830137,"Other"
"Z-17-217",NA,NA,"Calabarzon","Cavite",2018,"Philippines","SEA4",NA,"16/11/2017","Canis familiaris",NA,"Paliko 4","Imus","this paper","11/16/17",2017.873973,"Other"
"Z-17-221",NA,NA,"Calabarzon","Cavite",2018,"Philippines","SEA4",NA,"28/11/2017","Canis familiaris",NA,"Bgy. Nawasa","Noveleta","this paper","11/28/17",2017.906849,"Other"
"Z-17-57",NA,NA,"Southwestern Tagalog Region","Occidental Mindoro",2017,"Philippines","SEA4",NA,"29/03/2017","Canis familiaris",NA,"Magbag","San Jose","this paper","3/29/17",2017.238356,"Mindoro"
"Z-18-001",NA,NA,"Calabarzon","Cavite",2018,"Philippines","SEA4",NA,"02/01/2018","Felis catus",NA,"Andrea Vill. I, Panapaan Vi","Bacoor","this paper","02/01/2018",2018.084932,"Other"
"Z-18-114",NA,NA,"Calabarzon","Batangas",2018,"Philippines","SEA4",NA,"28/05/2018","Canis familiaris",NA,"Banay-Banay 1St","San Jose","this paper","5/28/18",2018.40274,"Other"
"Z-18-159",NA,NA,"Central Luzon","Bulacan",2019,"Philippines","SEA4",NA,"19/07/2018","Canis familiaris",NA,"Sta. Cruz","Guiginto","this paper","7/19/18",2018.545205,"Other"
"Z-18-224",NA,NA,"National Capital Region","Metropolitan Manila",2019,"Philippines","SEA4",NA,"28/10/2018","Canis familiaris",NA,"Camarin Rd.","Caloocan","this paper","10/28/18",2018.821918,"Other"
"Z-18-251",NA,NA,"Calabarzon","Laguna",2019,"Philippines","SEA4",NA,"07/12/2018","Canis familiaris",NA,"Rpa Enterprises, Don Jose","Sta. Rosa","this paper","07/12/2018",2018.526027,"Other"
"Z-19-029",NA,NA,"Calabarzon","Batangas",2019,"Philippines","SEA4",NA,"26/02/2019","Canis familiaris",NA,"Antipolo Del Sur","Lipa","this paper","2/26/19",2019.153425,"Other"
"Z-19-123",NA,NA,"Calabarzon","Cavite",2020,"Philippines","SEA4",NA,"11/08/2019","Canis familiaris",NA,"Anabu 2F","Imus","this paper","11/08/2019",2019.852055,"Other"
"Z-19-136",NA,NA,"Calabarzon","Laguna",2019,"Philippines","SEA4",NA,"05/09/2019","Canis familiaris",NA,"Canlubang","Calamba","this paper","05/09/2019",2019.350685,"Other"
"Z-19-88",NA,NA,"Calabarzon","Rizal",2019,"Philippines","SEA4",NA,"31/05/2019","Canis familiaris",NA,"San Isidro","Angono","this paper","5/31/19",2019.410959,"Other"
"Z-20-01",NA,NA,"Calabarzon","Cavite",2020,"Philippines","SEA4",NA,"03/01/2020","Canis familiaris",NA,"Meadowood Subd.,Panapaan 8","Bacoor","this paper","03/01/2020",2020.163934,"Other"
"Z-20-110",NA,NA,"Calabarzon","Laguna",2021,"Philippines","SEA4",NA,"23/10/2020","Canis familiaris",NA,"Pacita Complex 1, San Vicente","San Pedro","this paper","10/23/20",2020.808743,"Other"
"Z-20-24",NA,NA,"National Capital Region","Metropolitan Manila",2020,"Philippines","SEA4",NA,"14/02/2020","Canis familiaris",NA,"Bayanan","Muntinlupa","this paper","2/14/20",2020.120219,"Other"
"Z-20-33",NA,NA,"National Capital Region","Metropolitan Manila",2020,"Philippines","SEA4",NA,"18/02/2020","Canis familiaris",NA,"F.B. Harizon Edsa","Pasay","this paper","2/18/20",2020.131148,"Other"
"Z-20-51",NA,NA,"Calabarzon","Rizal",2020,"Philippines","SEA4",NA,"02/03/2020","Canis familiaris",NA,"Herald Village Subd.","Angono","this paper","02/03/2020",2020.090164,"Other"
"Z-22-103",NA,NA,"Southwestern Tagalog Region","Romblon",2023,"Philippines","SEA4",NA,"21/11/2022","Canis familiaris",NA,"Paroyhog","Santa Maria","this paper","11/21/22",2022.887671,"Other"
"Z-22-119",NA,NA,"Southwestern Tagalog Region ","Romblon",2023,"Philippines","SEA4",NA,"28/12/2022","Canis familiaris",NA,"Tulay","Odiongan","this paper","12/28/22",2022.989041,"Other"
"Z-22-121",NA,NA,"Southwestern Tagalog Region","Romblon",2023,"Philippines","SEA4",NA,"19/12/2022","Canis familiaris",NA,"Carmen","San Agustin","this paper","12/19/22",2022.964384,"Other"
"Z-23-01",NA,NA,"Calabarzon","Laguna",2023,"Philippines","SEA4",NA,"03/01/2023","Canis familiaris",NA,"Balibago","Sta. Rosa","this paper","03/01/2023",2023.161644,"Other"
"Z-23-01Sa",NA,NA,"Calabarzon","Laguna",2023,"Philippines","SEA4",NA,"03/01/2023","Canis familiaris",NA,"Balibago","Sta. Rosa","this paper","03/01/2023",2023.161644,"Other"
"Z-98-1061",NA,NA,"Calabarzon","Cavite",1998,"Philippines","SEA4",NA,"05/08/1998","Canis familiaris",NA,"Tejero","General Trias","this paper","05/08/1998",1998.347945,"Other"
"Z-98-285",NA,NA,"Calabarzon","Laguna",1998,"Philippines","SEA4",NA,"18/03/1998","Canis familiaris",NA,NA,"San Pablo","this paper","3/18/98",1998.208219,"Other"
"Z-98-286",NA,NA,"Calabarzon","Quezon",1998,"Philippines","SEA4",NA,"19/03/1998","Canis familiaris",NA,"Tayuman","Mulanay","this paper","3/19/98",1998.210959,"Other"
"Z-98-433",NA,NA,"Calabarzon","Cavite",1998,"Philippines","SEA4",NA,"30/04/1998","Canis familiaris",NA,"Palamitan","Kawit","this paper","4/30/98",1998.326027,"Other"
"Z-98-454",NA,NA,"National Capital Region","Metropolitan Manila",1998,"Philippines","SEA4",NA,"04/05/1998","Canis familiaris",NA,"Betterliving Subd","Paranaque","this paper","04/05/1998",1998.257534,"Other"
"Z-98-515",NA,NA,"National Capital Region","Metropolitan Manila",1998,"Philippines","SEA4",NA,"20/05/1998","Canis familiaris",NA,"Cupang","Muntinlupa","this paper","5/20/98",1998.380822,"Other"
"Z-98-616",NA,NA,"Central Luzon","Bulacan",1998,"Philippines","SEA4",NA,"18/06/1998","Canis familiaris",NA,NA,"San Miguel","this paper","6/18/98",1998.460274,"Other"
"Z-98-718",NA,NA,"Calabarzon","Batangas",1999,"Philippines","SEA4",NA,"13/07/1998","Canis familiaris",NA,"Maraykid","San Juan","this paper","7/13/98",1998.528767,"Other"
"Z-98-780",NA,NA,"Calabarzon","Laguna",1999,"Philippines","SEA4",NA,"25/07/1998","Canis familiaris",NA,"San Miguel","Alaminos","this paper","7/25/98",1998.561644,"Other"
"Z-98-823",NA,NA,"Calabarzon","Cavite",1998,"Philippines","SEA4",NA,"05/08/1998","Canis familiaris",NA,"Tejero","General Trias","this paper","05/08/1998",1998.347945,"Other"
"Z-98-838",NA,NA,"National Capital Region","Metropolitan Manila",1999,"Philippines","SEA4",NA,"09/08/1998","Canis familiaris",NA,"Upper Bicutan","Taguig","this paper","09/08/1998",1998.684932,"Other"
"Z-98-860",NA,NA,"Calabarzon","Quezon",1999,"Philippines","SEA4",NA,"14/08/1998","Canis familiaris",NA,NA,"San Francisco","this paper","8/14/98",1998.616438,"Other"
"Z12-012",NA,NA,"","",2012,"Philippines","SEA4","MN726867","2012","Canis lupus familiaris",NA,NA,"-","rabv-glue","01/01/2012",2012,"Other"
"Z14-142",NA,NA,"","",2014,"Philippines","SEA4","MN726851","2014","Canis lupus familiaris",NA,NA,"-","rabv-glue","01/01/2014",2014,"Other"
"Z14-152",NA,NA,"National Capital Region","Metropolitan Manila",2014,"Philippines","SEA4","MN726873","2014","Canis lupus familiaris",NA,NA,"-","rabv-glue","01/01/2014",2014,"Other"
"Z15-185",NA,NA,"National Capital Region","Metropolitan Manila",2015,"Philippines","SEA4","MN726854","2015","Canis lupus familiaris",NA,NA,"-","rabv-glue","01/01/2015",2015,"Other"
