"ID","lineage","lineage_countries_seen","lineage_first_seen","lineage_last_seen"
"Z-16-186","Indian-Sub_A1.1","India",1997,2014
"Z-15-119","Asian SEA4_A1.1","Philippines",2012,2016
"R2-081","Asian SEA4_A1.1","Philippines",2012,2016
"RV/R2.PHL/2009/TRa-279","Asian SEA4_A1","c(""Japan"", ""Philippines"")",1994,2020
"RV/R2.PHL/2009/TRa-284","Asian SEA4_A1","c(""Japan"", ""Philippines"")",1994,2020
"RV/R3.PHL/2013/TRa-582","Asian SEA4_A1","c(""Japan"", ""Philippines"")",1994,2020
"RV/CAR.PHL/2013/TRa-405","Asian SEA4_A1","c(""Japan"", ""Philippines"")",1994,2020
"RV/CAR.PHL/2013/TRa-510","Asian SEA4_A1","c(""Japan"", ""Philippines"")",1994,2020
"RV/R2.PHL/2013/TRa-506","Asian SEA4_A1","c(""Japan"", ""Philippines"")",1994,2020
"RV/R2.PHL/2009/TRa-283","Asian SEA4_A1","c(""Japan"", ""Philippines"")",1994,2020
"RV/R2.PHL/2013/TRa-437","Asian SEA4_A1","c(""Japan"", ""Philippines"")",1994,2020
"RV/CAR.PHL/2013/TRa-370","Asian SEA4_A1","c(""Japan"", ""Philippines"")",1994,2020
"RV/CAR.PHL/2013/TRa-500","Asian SEA4_A1","c(""Japan"", ""Philippines"")",1994,2020
"RV/CAR.PHL/2013/TRa-571","Asian SEA4_A1","c(""Japan"", ""Philippines"")",1994,2020
"RV/R1.PHL/2013/TRa-572","Asian SEA4_A1","c(""Japan"", ""Philippines"")",1994,2020
"RV/R2.PHL/2013/TRa-504","Asian SEA4_A1","c(""Japan"", ""Philippines"")",1994,2020
"RV/R2.PHL/2013/TRa-505","Asian SEA4_A1","c(""Japan"", ""Philippines"")",1994,2020
"RV/R2.PHL/2013/TRa-435","Asian SEA4_A1","c(""Japan"", ""Philippines"")",1994,2020
"RV/R2.PHL/2013/TRa-507","Asian SEA4_A1","c(""Japan"", ""Philippines"")",1994,2020
"94270PHI","Asian SEA4_A1","c(""Japan"", ""Philippines"")",1994,2020
"94280PHI","Asian SEA4_A1","c(""Japan"", ""Philippines"")",1994,2020
"94272PHI","Asian SEA4_A1","c(""Japan"", ""Philippines"")",1994,2020
"04030PHI","Asian SEA4_A1","c(""Japan"", ""Philippines"")",1994,2020
"Z-06-39","Asian SEA4_A1","c(""Japan"", ""Philippines"")",1994,2020
"Z-98-838","Asian SEA4_A1","c(""Japan"", ""Philippines"")",1994,2020
"94278PHI","Asian SEA4_A1","c(""Japan"", ""Philippines"")",1994,2020
"Z-12-001","Asian SEA4_A1","c(""Japan"", ""Philippines"")",1994,2020
"RADDL3-1038","Asian SEA4_A1.2","Philippines",1994,2019
"BAI/BAI3/2019-01/fel","Asian SEA4_A1.2","Philippines",1994,2019
"BAI/BAI4A/2019-01/can","Asian SEA4_A1.2","Philippines",1994,2019
"Z-19-88","Asian SEA4_A1.2","Philippines",1994,2019
"Z-20-51","Asian SEA4_A1.2","Philippines",1994,2019
"Z-16-150","Asian SEA4_A1.2","Philippines",1994,2019
"Z-20-24","Asian SEA4_A1.2","Philippines",1994,2019
"Z-19-136","Asian SEA4_A1.2","Philippines",1994,2019
"Z-23-01","Asian SEA4_A1.2","Philippines",1994,2019
"Z-23-01Sa","Asian SEA4_A1.2","Philippines",1994,2019
"Z-15-009","Asian SEA4_A1.2","Philippines",1994,2019
"RADDL3-845","Asian SEA4_A1.2","Philippines",1994,2019
"Z-18-159","Asian SEA4_A1.2","Philippines",1994,2019
"Z-20-110","Asian SEA4_A1.2","Philippines",1994,2019
"RADDL3-16-468","Asian SEA4_A1.2","Philippines",1994,2019
"RADDL3-16-627","Asian SEA4_A1.2","Philippines",1994,2019
"140","Asian SEA4_A1.2","Philippines",1994,2019
"93","Asian SEA4_A1.2","Philippines",1994,2019
"55","Asian SEA4_A1.2","Philippines",1994,2019
"132","Asian SEA4_A1.2","Philippines",1994,2019
"131","Asian SEA4_A1.2","Philippines",1994,2019
"130","Asian SEA4_A1.2","Philippines",1994,2019
"87","Asian SEA4_A1.2","Philippines",1994,2019
"66","Asian SEA4_A1.2","Philippines",1994,2019
"RADDL3-16-521","Asian SEA4_A1.2","Philippines",1994,2019
"Z-14-182","Asian SEA4_A1.2","Philippines",1994,2019
"R3-731","Asian SEA4_A1.2","Philippines",1994,2019
"121","Asian SEA4_A1.2","Philippines",1994,2019
"120","Asian SEA4_A1.2","Philippines",1994,2019
"BAI/BAINCR/2019-02/can","Asian SEA4_A1.2","Philippines",1994,2019
"Z-14-101","Asian SEA4_A1.2","Philippines",1994,2019
"Z-12-060","Asian SEA4_A1.2","Philippines",1994,2019
"Z-14-023","Asian SEA4_A1.2","Philippines",1994,2019
"Z-14-033","Asian SEA4_A1.2","Philippines",1994,2019
"Z-12-208","Asian SEA4_A1.2","Philippines",1994,2019
"RADDL3-15-172","Asian SEA4_A1.2","Philippines",1994,2019
"Z-17-200","Asian SEA4_A1.2","Philippines",1994,2019
"Z-16-151","Asian SEA4_A1.2","Philippines",1994,2019
"BAI/BAINCR/2019-01/can","Asian SEA4_A1.2","Philippines",1994,2019
"RADDL1-16-166","Asian SEA4_A1.2","Philippines",1994,2019
"R1-21-148","Asian SEA4_A1.2","Philippines",1994,2019
"4A-22-104","Asian SEA4_A1.2","Philippines",1994,2019
"4B-22-41","Asian SEA4_A1.2","Philippines",1994,2019
"4B-22-42","Asian SEA4_A1.2","Philippines",1994,2019
"Z-22-103","Asian SEA4_A1.2","Philippines",1994,2019
"4B-22-39","Asian SEA4_A1.2","Philippines",1994,2019
"4B-22-37","Asian SEA4_A1.2","Philippines",1994,2019
"4B-23-13","Asian SEA4_A1.2","Philippines",1994,2019
"4B-22-44","Asian SEA4_A1.2","Philippines",1994,2019
"4B-22-45","Asian SEA4_A1.2","Philippines",1994,2019
"4B-23-02","Asian SEA4_A1.2","Philippines",1994,2019
"4B-23-01","Asian SEA4_A1.2","Philippines",1994,2019
"4B-23-15","Asian SEA4_A1.2","Philippines",1994,2019
"4B-23-12","Asian SEA4_A1.2","Philippines",1994,2019
"4B-23-07","Asian SEA4_A1.2","Philippines",1994,2019
"4B-23-06","Asian SEA4_A1.2","Philippines",1994,2019
"4B-23-16","Asian SEA4_A1.2","Philippines",1994,2019
"4B-23-19","Asian SEA4_A1.2","Philippines",1994,2019
"4B-23-17","Asian SEA4_A1.2","Philippines",1994,2019
"Z-22-119","Asian SEA4_A1.2","Philippines",1994,2019
"4B-23-05","Asian SEA4_A1.2","Philippines",1994,2019
"4B-23-11","Asian SEA4_A1.2","Philippines",1994,2019
"Z-18-224","Asian SEA4_A1.2","Philippines",1994,2019
"Z-12-029","Asian SEA4_A1.2","Philippines",1994,2019
"R6-21-4511","Asian SEA4_A1.2","Philippines",1994,2019
"Z-05-191","Asian SEA4_A1.2","Philippines",1994,2019
"Z-05-96","Asian SEA4_A1.2","Philippines",1994,2019
"Z-98-433","Asian SEA4_A1.2","Philippines",1994,2019
"Z-98-823","Asian SEA4_A1.2","Philippines",1994,2019
"Z-07-366","Asian SEA4_A1.2","Philippines",1994,2019
"Z-07-387","Asian SEA4_A1.2","Philippines",1994,2019
"R5-09","Asian SEA4_A1.2","Philippines",1994,2019
"R5-21-119","Asian SEA4_A1.2","Philippines",1994,2019
"RV/R1.PHL/2010/TRa-299","Asian SEA4_A1.2","Philippines",1994,2019
"RV/R3.PHL/2012/TRa-310","Asian SEA4_A1.2","Philippines",1994,2019
"RV/R3.PHL/2013/TRa-451","Asian SEA4_A1.2","Philippines",1994,2019
"RV/R3.PHL/2013/TRa-464","Asian SEA4_A1.2","Philippines",1994,2019
"RV/R3.PHL/2012/TRa-315","Asian SEA4_A1.2","Philippines",1994,2019
"RV/R3.PHL/2013/TRa-442","Asian SEA4_A1.2","Philippines",1994,2019
"RV/R3.PHL/2012/TRa-318","Asian SEA4_A1.2","Philippines",1994,2019
"RV/R4B.PHL/2011/TRa-392","Asian SEA4_A1.2","Philippines",1994,2019
"RV/R4B.PHL/2011/TRa-394","Asian SEA4_A1.2","Philippines",1994,2019
"RV/R4B.PHL/2011/TRa-396","Asian SEA4_A1.2","Philippines",1994,2019
"RV/R4B.PHL/2012/TRa-397","Asian SEA4_A1.2","Philippines",1994,2019
"RV/R4B.PHL/2012/TRa-400","Asian SEA4_A1.2","Philippines",1994,2019
"RV/R4B.PHL/2012/TRa-402","Asian SEA4_A1.2","Philippines",1994,2019
"RV/R3.PHL/2012/TRa-308","Asian SEA4_A1.2","Philippines",1994,2019
"RV/R3.PHL/2013/TRa-350","Asian SEA4_A1.2","Philippines",1994,2019
"RV/R3.PHL/2013/TRa-457","Asian SEA4_A1.2","Philippines",1994,2019
"RV/R3.PHL/2013/TRa-443","Asian SEA4_A1.2","Philippines",1994,2019
"RV/R3.PHL/2013/TRa-452","Asian SEA4_A1.2","Philippines",1994,2019
"RV/R3.PHL/2013/TRa-454","Asian SEA4_A1.2","Philippines",1994,2019
"RV/R3.PHL/2013/TRa-353","Asian SEA4_A1.2","Philippines",1994,2019
"RV/R3.PHL/2013/TRa-455","Asian SEA4_A1.2","Philippines",1994,2019
"RV/R3.PHL/2013/TRa-463","Asian SEA4_A1.2","Philippines",1994,2019
"RV/R3.PHL/2013/TRa-346","Asian SEA4_A1.2","Philippines",1994,2019
"RV/R3.PHL/2013/TRa-354","Asian SEA4_A1.2","Philippines",1994,2019
"RV/R3.PHL/2012/TRa-311","Asian SEA4_A1.2","Philippines",1994,2019
"RV/R3.PHL/2013/TRa-441","Asian SEA4_A1.2","Philippines",1994,2019
"RV/R3.PHL/2013/TRa-444","Asian SEA4_A1.2","Philippines",1994,2019
"RV/R3.PHL/2012/TRa-317","Asian SEA4_A1.2","Philippines",1994,2019
"RV/R3.PHL/2013/TRa-351","Asian SEA4_A1.2","Philippines",1994,2019
"RV/R3.PHL/2013/TRa-450","Asian SEA4_A1.2","Philippines",1994,2019
"RV/R3.PHL/2013/TRa-352","Asian SEA4_A1.2","Philippines",1994,2019
"RV/R3.PHL/2013/TRa-445","Asian SEA4_A1.2","Philippines",1994,2019
"RV/R3.PHL/2013/TRa-456","Asian SEA4_A1.2","Philippines",1994,2019
"RV/R3.PHL/2013/TRa-449","Asian SEA4_A1.2","Philippines",1994,2019
"RV/R3.PHL/2013/TRa-453","Asian SEA4_A1.2","Philippines",1994,2019
"RV/R3.PHL/2013/TRa-459","Asian SEA4_A1.2","Philippines",1994,2019
"RV/R3.PHL/2013/TRa-461","Asian SEA4_A1.2","Philippines",1994,2019
"RV/R3.PHL/2013/TRa-313","Asian SEA4_A1.2","Philippines",1994,2019
"Z-04-664","Asian SEA4_A1.2","Philippines",1994,2019
"RV/R3.PHL/2008/TRa-009","Asian SEA4_A1.2","Philippines",1994,2019
"RV/R3.PHL/2008/TRa-021","Asian SEA4_A1.2","Philippines",1994,2019
"RV/R1.PHL/2008/TRa-094","Asian SEA4_A1.2","Philippines",1994,2019
"RV/R1.PHL/2009/TRa-260","Asian SEA4_A1.2","Philippines",1994,2019
"RV/R1.PHL/2010/TRa-300","Asian SEA4_A1.2","Philippines",1994,2019
"RV/R1.PHL/2009/TRa-150","Asian SEA4_A1.2","Philippines",1994,2019
"RV/R1.PHL/2009/TRa-210","Asian SEA4_A1.2","Philippines",1994,2019
"RV/R1.PHL/2009/TRa-256","Asian SEA4_A1.2","Philippines",1994,2019
"RV/R1.PHL/2009/TRa-263","Asian SEA4_A1.2","Philippines",1994,2019
"RV/R3.PHL/2012/TRa-309","Asian SEA4_A1.2","Philippines",1994,2019
"RV/R1.PHL/2009/TRa-157","Asian SEA4_A1.2","Philippines",1994,2019
"RV/R3.PHL/2009/TRa-202","Asian SEA4_A1.2","Philippines",1994,2019
"RV/R1.PHL/2009/TRa-257","Asian SEA4_A1.2","Philippines",1994,2019
"RV/R1.PHL/2009/TRa-258","Asian SEA4_A1.2","Philippines",1994,2019
"RV/R1.PHL/2012/TRa-325","Asian SEA4_A1.2","Philippines",1994,2019
"RV/R1.PHL/2012/TRa-377","Asian SEA4_A1.2","Philippines",1994,2019
"RV/R1.PHL/2012/TRa-320","Asian SEA4_A1.2","Philippines",1994,2019
"RV/R1.PHL/2012/TRa-324","Asian SEA4_A1.2","Philippines",1994,2019
"RV/R1.PHL/2009/TRa-214","Asian SEA4_A1.2","Philippines",1994,2019
"RV/R1.PHL/2009/TRa-156","Asian SEA4_A1.2","Philippines",1994,2019
"RV/R1.PHL/2009/TRa-159","Asian SEA4_A1.2","Philippines",1994,2019
"RV/R1.PHL/2009/TRa-216","Asian SEA4_A1.2","Philippines",1994,2019
"RV/CAR.PHL/2010/TRa-289","Asian SEA4_A1.2","Philippines",1994,2019
"94281PHI","Asian SEA4_A1.2","Philippines",1994,2019
"RV/R3.PHL/2004/Z-04-519","Asian SEA4_A1.2","Philippines",1994,2019
"RV/R3.PHL/2009/TRa-113","Asian SEA4_A1.2","Philippines",1994,2019
"RV/R3.PHL/2008/TRa-062","Asian SEA4_A1.2","Philippines",1994,2019
"RV/R3.PHL/2009/TRa-205","Asian SEA4_A1.2","Philippines",1994,2019
"RV/R3.PHL/2009/TRa-132","Asian SEA4_A1.2","Philippines",1994,2019
"RV/R3.PHL/2008/TRa-041","Asian SEA4_A1.2","Philippines",1994,2019
"RV/R3.PHL/2008/TRa-047","Asian SEA4_A1.2","Philippines",1994,2019
"RV/R3.PHL/2013/TRa-347","Asian SEA4_A1.2","Philippines",1994,2019
"RV/R3.PHL/2013/TRa-462","Asian SEA4_A1.2","Philippines",1994,2019
"RV/R3.PHL/2005/Z-05-198","Asian SEA4_A1.2","Philippines",1994,2019
"RV/NCR.PHL/2005/Z-05-009","Asian SEA4_A1.2","Philippines",1994,2019
"RV/R5.PHL/2008/TRa-005","Asian SEA4_A1.2","Philippines",1994,2019
"RV/R5.PHL/2008/TRa-031","Asian SEA4_A1.2","Philippines",1994,2019
"RV/R5.PHL/2008/TRa-032","Asian SEA4_A1.2","Philippines",1994,2019
"RV/R5.PHL/2008/TRa-036","Asian SEA4_A1.2","Philippines",1994,2019
"RV/R5.PHL/2008/TRa-037","Asian SEA4_A1.2","Philippines",1994,2019
"RV/R5.PHL/2008/TRa-121","Asian SEA4_A1.2","Philippines",1994,2019
"RV/R5.PHL/2012/TRa-337","Asian SEA4_A1.2","Philippines",1994,2019
"RV/R5.PHL/2013/TRa-425","Asian SEA4_A1.2","Philippines",1994,2019
"RV/R5.PHL/2012/TRa-344","Asian SEA4_A1.2","Philippines",1994,2019
"RV/R5.PHL/2009/TRa-231","Asian SEA4_A1.2","Philippines",1994,2019
"RV/R5.PHL/2012/TRa-340","Asian SEA4_A1.2","Philippines",1994,2019
"RV/R5.PHL/2012/TRa-343","Asian SEA4_A1.2","Philippines",1994,2019
"RV/R5.PHL/2012/TRa-355","Asian SEA4_A1.2","Philippines",1994,2019
"RV/R5.PHL/2012/TRa-362","Asian SEA4_A1.2","Philippines",1994,2019
"RV/R5.PHL/2013/TRa-426","Asian SEA4_A1.2","Philippines",1994,2019
"RV/R5.PHL/2008/TRa-034","Asian SEA4_A1.2","Philippines",1994,2019
"RV/R5.PHL/2008/TRa-072","Asian SEA4_A1.2","Philippines",1994,2019
"RV/R5.PHL/2009/TRa-227","Asian SEA4_A1.2","Philippines",1994,2019
"RV/R5.PHL/2013/TRa-427","Asian SEA4_A1.2","Philippines",1994,2019
"RV/R5.PHL/2012/TRa-339","Asian SEA4_A1.2","Philippines",1994,2019
"RV/R5.PHL/2008/TRa-071","Asian SEA4_A1.2","Philippines",1994,2019
"RV/R5.PHL/2012/TRa-358","Asian SEA4_A1.2","Philippines",1994,2019
"RV/R2.PHL/2013/TRa-439","Asian SEA4_A1.2","Philippines",1994,2019
"RV/R5.PHL/2012/TRa-338","Asian SEA4_A1.2","Philippines",1994,2019
"RV/NCR.PHL/2005/Z-05-373","Asian SEA4_A1.2","Philippines",1994,2019
"RV/R3.PHL/2008/TRa-002","Asian SEA4_A1.2","Philippines",1994,2019
"RV/R3.PHL/2008/TRa-088","Asian SEA4_A1.2","Philippines",1994,2019
"RV/R3.PHL/2009/TRa-133","Asian SEA4_A1.2","Philippines",1994,2019
"RV/R3.PHL/2008/TRa-006","Asian SEA4_A1.2","Philippines",1994,2019
"RV/R3.PHL/2008/TRa-049","Asian SEA4_A1.2","Philippines",1994,2019
"RV/R3.PHL/2008/TRa-066","Asian SEA4_A1.2","Philippines",1994,2019
"RV/R3.PHL/2008/TRa-090","Asian SEA4_A1.2","Philippines",1994,2019
"RV/R3.PHL/2012/TRa-313","Asian SEA4_A1.2","Philippines",1994,2019
"RV/R3.PHL/2013/TRa-533","Asian SEA4_A1.2","Philippines",1994,2019
"RV/R3.PHL/2013/TRa-535","Asian SEA4_A1.2","Philippines",1994,2019
"RV/R3.PHL/2013/TRa-538","Asian SEA4_A1.2","Philippines",1994,2019
"RV/R3.PHL/2013/TRa-540","Asian SEA4_A1.2","Philippines",1994,2019
"RV/R3.PHL/2013/TRa-543","Asian SEA4_A1.2","Philippines",1994,2019
"RV/R3.PHL/2013/TRa-544","Asian SEA4_A1.2","Philippines",1994,2019
"RV/R3.PHL/2013/TRa-545","Asian SEA4_A1.2","Philippines",1994,2019
"RV/R3.PHL/2013/TRa-550","Asian SEA4_A1.2","Philippines",1994,2019
"RV/R3.PHL/2013/TRa-551","Asian SEA4_A1.2","Philippines",1994,2019
"RV/R3.PHL/2013/TRa-554","Asian SEA4_A1.2","Philippines",1994,2019
"RV/R3.PHL/2013/TRa-583","Asian SEA4_A1.2","Philippines",1994,2019
"RV/R3.PHL/2013/TRa-586","Asian SEA4_A1.2","Philippines",1994,2019
"RV/R3.PHL/2013/TRa-587","Asian SEA4_A1.2","Philippines",1994,2019
"RV/R3.PHL/2013/TRa-589","Asian SEA4_A1.2","Philippines",1994,2019
"RV/R3.PHL/2013/TRa-534","Asian SEA4_A1.2","Philippines",1994,2019
"RV/R3.PHL/2013/TRa-552","Asian SEA4_A1.2","Philippines",1994,2019
"RV/R3.PHL/2013/TRa-588","Asian SEA4_A1.2","Philippines",1994,2019
"RV/R3.PHL/2013/TRa-536","Asian SEA4_A1.2","Philippines",1994,2019
"RV/R3.PHL/2013/TRa-549","Asian SEA4_A1.2","Philippines",1994,2019
"RV/R3.PHL/2013/TRa-556","Asian SEA4_A1.2","Philippines",1994,2019
"RV/R3.PHL/2013/TRa-547","Asian SEA4_A1.2","Philippines",1994,2019
"RV/R3.PHL/2013/TRa-557","Asian SEA4_A1.2","Philippines",1994,2019
"RV/R3.PHL/2013/TRa-542","Asian SEA4_A1.2","Philippines",1994,2019
"RV/R3.PHL/2013/TRa-537","Asian SEA4_A1.2","Philippines",1994,2019
"RV/R3.PHL/2013/TRa-548","Asian SEA4_A1.2","Philippines",1994,2019
"A12_1959","Asian SEA4_A1.2","Philippines",1994,2019
"RV/R3.PHL/2005/Z-05-507","Asian SEA4_A1.2","Philippines",1994,2019
"RV/R5.PHL/2008/TRa-067","Asian SEA4_A1.2","Philippines",1994,2019
"RV/R5.PHL/2009/TRa-225","Asian SEA4_A1.2","Philippines",1994,2019
"RV/R5.PHL/2009/TRa-226","Asian SEA4_A1.2","Philippines",1994,2019
"RV/R5.PHL/2009/TRa-272","Asian SEA4_A1.2","Philippines",1994,2019
"RV/R5.PHL/2009/TRa-273","Asian SEA4_A1.2","Philippines",1994,2019
"RV/R5.PHL/2012/TRa-356","Asian SEA4_A1.2","Philippines",1994,2019
"RV/R5.PHL/2012/TRa-360","Asian SEA4_A1.2","Philippines",1994,2019
"RV/R5.PHL/2012/TRa-357","Asian SEA4_A1.2","Philippines",1994,2019
"RV/R5.PHL/2013/TRa-365","Asian SEA4_A1.2","Philippines",1994,2019
"RV/R5.PHL/2013/TRa-422","Asian SEA4_A1.2","Philippines",1994,2019
"RV/R5.PHL/2013/TRa-429","Asian SEA4_A1.2","Philippines",1994,2019
"RV/R5.PHL/2013/TRa-364","Asian SEA4_A1.2","Philippines",1994,2019
"RV/R5.PHL/2013/TRa-421","Asian SEA4_A1.2","Philippines",1994,2019
"A12_1973","Asian SEA4_A1.2","Philippines",1994,2019
"RV/NCR.PHL/2004/Z-04-646","Asian SEA4_A1.2","Philippines",1994,2019
"RV/R5.PHL/2009/TRa-183","Asian SEA4_A1.2","Philippines",1994,2019
"RV/R2.PHL/2013/TRa-503","Asian SEA4_A1.2","Philippines",1994,2019
"RV/R3.PHL/2009/TRa-136","Asian SEA4_A1.2","Philippines",1994,2019
"RV/R3.PHL/2009/TRa-201","Asian SEA4_A1.2","Philippines",1994,2019
"RV/R1.PHL/2009/TRa-151","Asian SEA4_A1.2","Philippines",1994,2019
"RV/R1.PHL/2009/TRa-153","Asian SEA4_A1.2","Philippines",1994,2019
"RV/R1.PHL/2009/TRa-161","Asian SEA4_A1.2","Philippines",1994,2019
"RV/R1.PHL/2009/TRa-219","Asian SEA4_A1.2","Philippines",1994,2019
"RV/R1.PHL/2009/TRa-221","Asian SEA4_A1.2","Philippines",1994,2019
"RV/R1.PHL/2009/TRa-208","Asian SEA4_A1.2","Philippines",1994,2019
"RV/R1.PHL/2012/TRa-375","Asian SEA4_A1.2","Philippines",1994,2019
"RV/R1.PHL/2009/TRa-213","Asian SEA4_A1.2","Philippines",1994,2019
"RV/R1.PHL/2012/TRa-323","Asian SEA4_A1.2","Philippines",1994,2019
"RV/R1.PHL/2012/TRa-383","Asian SEA4_A1.2","Philippines",1994,2019
"RV/R1.PHL/2012/TRa-376","Asian SEA4_A1.2","Philippines",1994,2019
"RV/R1.PHL/2012/TRa-379","Asian SEA4_A1.2","Philippines",1994,2019
"RV/R1.PHL/2012/TRa-327","Asian SEA4_A1.2","Philippines",1994,2019
"RV/R1.PHL/2009/TRa-215","Asian SEA4_A1.2","Philippines",1994,2019
"RV/R1.PHL/2012/TRa-378","Asian SEA4_A1.2","Philippines",1994,2019
"RV/R1.PHL/2012/TRa-384","Asian SEA4_A1.2","Philippines",1994,2019
"RV/R1.PHL/2012/TRa-381","Asian SEA4_A1.2","Philippines",1994,2019
"RV/R3.PHL/2013/TRa-581","Asian SEA4_A1.2","Philippines",1994,2019
"RV/R3.PHL/2012/TRa-306","Asian SEA4_A1.2","Philippines",1994,2019
"RV/R3.PHL/2012/TRa-312","Asian SEA4_A1.2","Philippines",1994,2019
"RV/R3.PHL/2013/TRa-349","Asian SEA4_A1.2","Philippines",1994,2019
"RV/R3.PHL/2013/TRa-458","Asian SEA4_A1.2","Philippines",1994,2019
"RV/R3.PHL/2013/TRa-460","Asian SEA4_A1.2","Philippines",1994,2019
"RV/R3.PHL/2013/TRa-465","Asian SEA4_A1.2","Philippines",1994,2019
"RV/R3.PHL/2013/TRa-466","Asian SEA4_A1.2","Philippines",1994,2019
"RV/R3.PHL/2013/TRa-448","Asian SEA4_A1.2","Philippines",1994,2019
"RV/R3.PHL/2013/TRa-584","Asian SEA4_A1.2","Philippines",1994,2019
"RV/R3.PHL/2013/TRa-541","Asian SEA4_A1.2","Philippines",1994,2019
"A12_1969","Asian SEA4_A1.2","Philippines",1994,2019
"RADDL1-16-153","Asian SEA4_A1.2","Philippines",1994,2019
"RADDL3-16-1008","Asian SEA4_A1.2","Philippines",1994,2019
"RADDL3-1045","Asian SEA4_A1.2","Philippines",1994,2019
"RV/R1.PHL/2009/TRa-154","Asian SEA4_A1.2","Philippines",1994,2019
"RV/R1.PHL/2009/TRa-220","Asian SEA4_A1.2","Philippines",1994,2019
"RV/R1.PHL/2009/TRa-259","Asian SEA4_A1.2","Philippines",1994,2019
"REGION_5_2019-1","Asian SEA4_A1.2","Philippines",1994,2019
"REGION_5_2019-13","Asian SEA4_A1.2","Philippines",1994,2019
"REGION_5_2018-50","Asian SEA4_A1.2","Philippines",1994,2019
"REGION_5_2018-304","Asian SEA4_A1.2","Philippines",1994,2019
"REGION_5_2018-100","Asian SEA4_A1.2","Philippines",1994,2019
"153","Asian SEA4_A1.2","Philippines",1994,2019
"REGION_5_2018-311","Asian SEA4_A1.2","Philippines",1994,2019
"R5-21-132","Asian SEA4_A1.2","Philippines",1994,2019
"R5-22-008","Asian SEA4_A1.2","Philippines",1994,2019
"RADDL5-005","Asian SEA4_A1.2","Philippines",1994,2019
"R5-21-136","Asian SEA4_A1.2","Philippines",1994,2019
"R5-21-115","Asian SEA4_A1.2","Philippines",1994,2019
"R5-21-140","Asian SEA4_A1.2","Philippines",1994,2019
"R5-21-128","Asian SEA4_A1.2","Philippines",1994,2019
"Z-15-148","Asian SEA4_A1.2","Philippines",1994,2019
"Z14-152","Asian SEA4_A1.1","Philippines",2012,2016
"Z-13-032","Asian SEA4_A1.1","Philippines",2012,2016
"Z-13-020","Asian SEA4_A1.1","Philippines",2012,2016
"Z-13-036","Asian SEA4_A1.1","Philippines",2012,2016
"Z-14-058","Asian SEA4_A1.1","Philippines",2012,2016
"Z-13-002","Asian SEA4_A1.1","Philippines",2012,2016
"Z-13-096","Asian SEA4_A1.1","Philippines",2012,2016
"Z-13-073","Asian SEA4_A1.1","Philippines",2012,2016
"Z-14-138","Asian SEA4_A1.1","Philippines",2012,2016
"Z-09-94","Asian SEA4_A1.1","Philippines",2012,2016
"Z-98-515","Asian SEA4_A1.1","Philippines",2012,2016
"Z-05-102","Asian SEA4_A1.1","Philippines",2012,2016
"Z-06-295","Asian SEA4_A1.1","Philippines",2012,2016
"Z-07-407","Asian SEA4_A1.1","Philippines",2012,2016
"Z-07-351","Asian SEA4_A1.1","Philippines",2012,2016
"Z-07-38","Asian SEA4_A1.1","Philippines",2012,2016
"Z-07-398","Asian SEA4_A1.1","Philippines",2012,2016
"Z-14-098","Asian SEA4_A1.1","Philippines",2012,2016
"Z-12-012","Asian SEA4_A1.1","Philippines",2012,2016
"Z-16-082","Asian SEA4_A1.1","Philippines",2012,2016
"Z-17-046","Asian SEA4_A1.1","Philippines",2012,2016
"4B-23-03","Asian SEA4_A1.1","Philippines",2012,2016
"Z-22-121","Asian SEA4_A1.1","Philippines",2012,2016
"4B-23-04","Asian SEA4_A1.1","Philippines",2012,2016
"Z-07-403","Asian SEA4_A1.1","Philippines",2012,2016
"Z-07-22","Asian SEA4_A1.1","Philippines",2012,2016
"Z-08-351","Asian SEA4_A1.1","Philippines",2012,2016
"Z-13-161","Asian SEA4_A1.1","Philippines",2012,2016
"Z-13-086","Asian SEA4_A1.1","Philippines",2012,2016
"Z-13-134","Asian SEA4_A1.1","Philippines",2012,2016
"Z-14-126","Asian SEA4_A1.1","Philippines",2012,2016
"Z-12-088","Asian SEA4_A1.1","Philippines",2012,2016
"Z-13-071","Asian SEA4_A1.1","Philippines",2012,2016
"Z-13-094","Asian SEA4_A1.1","Philippines",2012,2016
"Z15-185","Asian SEA4_A1.1","Philippines",2012,2016
"Z-13-009","Asian SEA4_A1.1.2","c(""Japan"", ""Philippines"")",2006,2019
"Z14-142","Asian SEA4_A1.1.2","c(""Japan"", ""Philippines"")",2006,2019
"Z-14-142","Asian SEA4_A1.1.2","c(""Japan"", ""Philippines"")",2006,2019
"Z-07-07","Asian SEA4_A1.1.2","c(""Japan"", ""Philippines"")",2006,2019
"Z-07-222","Asian SEA4_A1.1.2","c(""Japan"", ""Philippines"")",2006,2019
"Z-14-05","Asian SEA4_A1.1.2","c(""Japan"", ""Philippines"")",2006,2019
"Z-15-163","Asian SEA4_A1.1.2","c(""Japan"", ""Philippines"")",2006,2019
"Z-17-221","Asian SEA4_A1.1.2","c(""Japan"", ""Philippines"")",2006,2019
"Z-13-259","Asian SEA4_A1.1.2","c(""Japan"", ""Philippines"")",2006,2019
"Z-16-211","Asian SEA4_A1.1.2","c(""Japan"", ""Philippines"")",2006,2019
"Z-20-01","Asian SEA4_A1.1.2","c(""Japan"", ""Philippines"")",2006,2019
"Z-16-159","Asian SEA4_A1.1.2","c(""Japan"", ""Philippines"")",2006,2019
"Z-15-130","Asian SEA4_A1.1.2","c(""Japan"", ""Philippines"")",2006,2019
"Z-12-118","Asian SEA4_A1.1.2","c(""Japan"", ""Philippines"")",2006,2019
"Z-15-019","Asian SEA4_A1.1.2","c(""Japan"", ""Philippines"")",2006,2019
"Z-13-089","Asian SEA4_A1.1.2","c(""Japan"", ""Philippines"")",2006,2019
"Z-13-135","Asian SEA4_A1.1.2","c(""Japan"", ""Philippines"")",2006,2019
"Z-13-066","Asian SEA4_A1.1.2","c(""Japan"", ""Philippines"")",2006,2019
"Z-16-210","Asian SEA4_A1.1.2","c(""Japan"", ""Philippines"")",2006,2019
"4A-22-171","Asian SEA4_A1.1.2","c(""Japan"", ""Philippines"")",2006,2019
"Z-18-114","Asian SEA4_A1.1.2","c(""Japan"", ""Philippines"")",2006,2019
"Z-12-149","Asian SEA4_A1.1.2","c(""Japan"", ""Philippines"")",2006,2019
"4B-22-28","Asian SEA4_A1.1.2","c(""Japan"", ""Philippines"")",2006,2019
"4B-22-30","Asian SEA4_A1.1.2","c(""Japan"", ""Philippines"")",2006,2019
"4B-21-423","Asian SEA4_A1.1.2","c(""Japan"", ""Philippines"")",2006,2019
"4B-21-421","Asian SEA4_A1.1.2","c(""Japan"", ""Philippines"")",2006,2019
"4B-2922HM","Asian SEA4_A1.1.2","c(""Japan"", ""Philippines"")",2006,2019
"4B-21622","Asian SEA4_A1.1.2","c(""Japan"", ""Philippines"")",2006,2019
"4B-22-114","Asian SEA4_A1.1.2","c(""Japan"", ""Philippines"")",2006,2019
"4B-21-126","Asian SEA4_A1.1.2","c(""Japan"", ""Philippines"")",2006,2019
"4B-21-29","Asian SEA4_A1.1.2","c(""Japan"", ""Philippines"")",2006,2019
"BAI/BAINCR/2019-03/can","Asian SEA4_A1.1.2","c(""Japan"", ""Philippines"")",2006,2019
"Z-20-33","Asian SEA4_A1.1.2","c(""Japan"", ""Philippines"")",2006,2019
"Z-17-177","Asian SEA4_A1.1.2","c(""Japan"", ""Philippines"")",2006,2019
"Z-17-217","Asian SEA4_A1.1.2","c(""Japan"", ""Philippines"")",2006,2019
"Z-18-001","Asian SEA4_A1.1.2","c(""Japan"", ""Philippines"")",2006,2019
"Z-18-251","Asian SEA4_A1.1.2","c(""Japan"", ""Philippines"")",2006,2019
"Z-19-123","Asian SEA4_A1.1.2","c(""Japan"", ""Philippines"")",2006,2019
"Z-15-116","Asian SEA4_A1.1.2","c(""Japan"", ""Philippines"")",2006,2019
"Z-16-196","Asian SEA4_A1.1.2","c(""Japan"", ""Philippines"")",2006,2019
"Z-14-106","Asian SEA4_A1.1.2","c(""Japan"", ""Philippines"")",2006,2019
"Z-14-136","Asian SEA4_A1.1.2","c(""Japan"", ""Philippines"")",2006,2019
"Z-16-013","Asian SEA4_A1.1.2","c(""Japan"", ""Philippines"")",2006,2019
"Z-05-557","Asian SEA4_A1.1.2","c(""Japan"", ""Philippines"")",2006,2019
"Z-15-001","Asian SEA4_A1.1.2","c(""Japan"", ""Philippines"")",2006,2019
"Z-17-193","Asian SEA4_A1.1.2","c(""Japan"", ""Philippines"")",2006,2019
"Z-17-174","Asian SEA4_A1.1.2","c(""Japan"", ""Philippines"")",2006,2019
"4B-22-13","Asian SEA4_A1.1.2","c(""Japan"", ""Philippines"")",2006,2019
"4B-22-20","Asian SEA4_A1.1.2","c(""Japan"", ""Philippines"")",2006,2019
"4B-22-16","Asian SEA4_A1.1.2","c(""Japan"", ""Philippines"")",2006,2019
"4B-22-35","Asian SEA4_A1.1.2","c(""Japan"", ""Philippines"")",2006,2019
"4B-22-40","Asian SEA4_A1.1.2","c(""Japan"", ""Philippines"")",2006,2019
"4B-22-17","Asian SEA4_A1.1.2","c(""Japan"", ""Philippines"")",2006,2019
"4B-22-21","Asian SEA4_A1.1.2","c(""Japan"", ""Philippines"")",2006,2019
"4B-22-31","Asian SEA4_A1.1.2","c(""Japan"", ""Philippines"")",2006,2019
"4B-2922JG","Asian SEA4_A1.1.2","c(""Japan"", ""Philippines"")",2006,2019
"4B-21-310","Asian SEA4_A1.1.2","c(""Japan"", ""Philippines"")",2006,2019
"4B-21-412","Asian SEA4_A1.1.2","c(""Japan"", ""Philippines"")",2006,2019
"4B-21-528","Asian SEA4_A1.1.2","c(""Japan"", ""Philippines"")",2006,2019
"4B-21-35","Asian SEA4_A1.1.2","c(""Japan"", ""Philippines"")",2006,2019
"4B-22-15","Asian SEA4_A1.1.2","c(""Japan"", ""Philippines"")",2006,2019
"4B-2422","Asian SEA4_A1.1.2","c(""Japan"", ""Philippines"")",2006,2019
"4A-22-40","Asian SEA4_A1.1.2","c(""Japan"", ""Philippines"")",2006,2019
"4A-22-98","Asian SEA4_A1.1.2","c(""Japan"", ""Philippines"")",2006,2019
"Z12-012","Asian SEA4_A1.1.2","c(""Japan"", ""Philippines"")",2006,2019
"Z-12-134","Asian SEA4_A1.1.2","c(""Japan"", ""Philippines"")",2006,2019
"4A-22-203","Asian SEA4_A1.1.2","c(""Japan"", ""Philippines"")",2006,2019
"RADDL1-16-154","Asian SEA4_A1.1.2","c(""Japan"", ""Philippines"")",2006,2019
"RV/R4A.PHL/2004/Z-04-042","Asian SEA4_A1.1.2","c(""Japan"", ""Philippines"")",2006,2019
"RV/NCR.PHL/2005/Z-05-149","Asian SEA4_A1.1.2","c(""Japan"", ""Philippines"")",2006,2019
"RV/R3.PHL/2008/TRa-063","Asian SEA4_A1.1.2","c(""Japan"", ""Philippines"")",2006,2019
"RV/NCR.PHL/2005/Z-05-168","Asian SEA4_A1.1.2","c(""Japan"", ""Philippines"")",2006,2019
"RV/NCR.PHL/2005/Z-05-465","Asian SEA4_A1.1.2","c(""Japan"", ""Philippines"")",2006,2019
"RV/R4A.PHL/2006/Z-06-357","Asian SEA4_A1.1.2","c(""Japan"", ""Philippines"")",2006,2019
"RV/R4A.PHL/2006/Z-06-361","Asian SEA4_A1.1.2","c(""Japan"", ""Philippines"")",2006,2019
"RV/R4A.PHL/2007/Z-07-330","Asian SEA4_A1.1.2","c(""Japan"", ""Philippines"")",2006,2019
"RV/R3.PHL/2012/TRa-303","Asian SEA4_A1.1.2","c(""Japan"", ""Philippines"")",2006,2019
"RV/CAR.PHL/2013/TRa-409","Asian SEA4_A1.1.2","c(""Japan"", ""Philippines"")",2006,2019
"RV/R4A.PHL/2013/TRa-485","Asian SEA4_A1.1.2","c(""Japan"", ""Philippines"")",2006,2019
"RV/NCR.PHL/2005/Z-05-090","Asian SEA4_A1.1.2","c(""Japan"", ""Philippines"")",2006,2019
"RV/R4A.PHL/2004/Z-04-480","Asian SEA4_A1.1.2","c(""Japan"", ""Philippines"")",2006,2019
"RV/R4A.PHL/2006/Z-06-348","Asian SEA4_A1.1.2","c(""Japan"", ""Philippines"")",2006,2019
"RV/R4A.PHL/2006/Z-06-231","Asian SEA4_A1.1.2","c(""Japan"", ""Philippines"")",2006,2019
"RV/R4A.PHL/2006/Z-06-365","Asian SEA4_A1.1.2","c(""Japan"", ""Philippines"")",2006,2019
"RV/R4A.PHL/2007/Z-07-317","Asian SEA4_A1.1.2","c(""Japan"", ""Philippines"")",2006,2019
"RV/R4A.PHL/2006/Z-06-163","Asian SEA4_A1.1.2","c(""Japan"", ""Philippines"")",2006,2019
"RV/R4A.PHL/2006/Z-06-362","Asian SEA4_A1.1.2","c(""Japan"", ""Philippines"")",2006,2019
"RV/R1.PHL/2009/TRa-209","Asian SEA4_A1.1.2","c(""Japan"", ""Philippines"")",2006,2019
"RV/R4A.PHL/2011/TRa-393","Asian SEA4_A1.1.2","c(""Japan"", ""Philippines"")",2006,2019
"RV/R4A.PHL/2006/Z-06-342","Asian SEA4_A1.1.2","c(""Japan"", ""Philippines"")",2006,2019
"RV/R4A.PHL/2012/TRa-404","Asian SEA4_A1.1.2","c(""Japan"", ""Philippines"")",2006,2019
"RV/NCR.PHL/2004/Z-04-522","Asian SEA4_A1.1.2","c(""Japan"", ""Philippines"")",2006,2019
"RV/R1.PHL/2012/TRa-382","Asian SEA4_A1.1.2","c(""Japan"", ""Philippines"")",2006,2019
"RV/R1.PHL/2013/TRa-573","Asian SEA4_A1.1.2","c(""Japan"", ""Philippines"")",2006,2019
"RV/R4A.PHL/2007/Z-07-189","Asian SEA4_A1.1.2","c(""Japan"", ""Philippines"")",2006,2019
"RV/R4A.PHL/2006/Z-06-222","Asian SEA4_A1.1.2","c(""Japan"", ""Philippines"")",2006,2019
"RV/R4A.PHL/2007/Z-07-243","Asian SEA4_A1.1.2","c(""Japan"", ""Philippines"")",2006,2019
"RV/R4A.PHL/2012/TRa-398","Asian SEA4_A1.1.2","c(""Japan"", ""Philippines"")",2006,2019
"RV/NCR.PHL/2005/Z-05-466","Asian SEA4_A1.1.2","c(""Japan"", ""Philippines"")",2006,2019
"RV/R4A.PHL/2012/TRa-401","Asian SEA4_A1.1.2","c(""Japan"", ""Philippines"")",2006,2019
"RV/R3.PHL/2008/TRa-011","Asian SEA4_A1.1.2","c(""Japan"", ""Philippines"")",2006,2019
"RV/R3.PHL/2008/TRa-016","Asian SEA4_A1.1.2","c(""Japan"", ""Philippines"")",2006,2019
"RV/R3.PHL/2008/TRa-048","Asian SEA4_A1.1.2","c(""Japan"", ""Philippines"")",2006,2019
"RV/R3.PHL/2008/TRa-040","Asian SEA4_A1.1.2","c(""Japan"", ""Philippines"")",2006,2019
"RV/R3.PHL/2009/TRa-116","Asian SEA4_A1.1.2","c(""Japan"", ""Philippines"")",2006,2019
"RV/R3.PHL/2009/TRa-114","Asian SEA4_A1.1.2","c(""Japan"", ""Philippines"")",2006,2019
"RV/R3.PHL/2008/TRa-112","Asian SEA4_A1.1.2","c(""Japan"", ""Philippines"")",2006,2019
"RV/R3.PHL/2008/TRa-018","Asian SEA4_A1.1.2","c(""Japan"", ""Philippines"")",2006,2019
"RV/R3.PHL/2008/TRa-020","Asian SEA4_A1.1.2","c(""Japan"", ""Philippines"")",2006,2019
"RV/R3.PHL/2008/TRa-059","Asian SEA4_A1.1.2","c(""Japan"", ""Philippines"")",2006,2019
"RV/R3.PHL/2008/TRa-087","Asian SEA4_A1.1.2","c(""Japan"", ""Philippines"")",2006,2019
"RV/R3.PHL/2008/TRa-092","Asian SEA4_A1.1.2","c(""Japan"", ""Philippines"")",2006,2019
"RV/R3.PHL/2008/TRa-038","Asian SEA4_A1.1.2","c(""Japan"", ""Philippines"")",2006,2019
"RV/R3.PHL/2009/TRa-206","Asian SEA4_A1.1.2","c(""Japan"", ""Philippines"")",2006,2019
"RV/R3.PHL/2008/TRa-017","Asian SEA4_A1.1.2","c(""Japan"", ""Philippines"")",2006,2019
"RV/NCR.PHL/2005/Z-05-396","Asian SEA4_A1.1.2","c(""Japan"", ""Philippines"")",2006,2019
"RV/R3.PHL/2008/TRa-010","Asian SEA4_A1.1.2","c(""Japan"", ""Philippines"")",2006,2019
"RV/R3.PHL/2008/TRa-091","Asian SEA4_A1.1.2","c(""Japan"", ""Philippines"")",2006,2019
"RV/R3.PHL/2009/TRa-204","Asian SEA4_A1.1.2","c(""Japan"", ""Philippines"")",2006,2019
"RV/R3.PHL/2009/TRa-115","Asian SEA4_A1.1.2","c(""Japan"", ""Philippines"")",2006,2019
"RV/R3.PHL/2009/TRa-134","Asian SEA4_A1.1.2","c(""Japan"", ""Philippines"")",2006,2019
"RV/R3.PHL/2009/TRa-135","Asian SEA4_A1.1.2","c(""Japan"", ""Philippines"")",2006,2019
"RV/R3.PHL/2009/TRa-118","Asian SEA4_A1.1.2","c(""Japan"", ""Philippines"")",2006,2019
"RV/R3.PHL/2012/TRa-305","Asian SEA4_A1.1.2","c(""Japan"", ""Philippines"")",2006,2019
"RV/R3.PHL/2008/TRa-019","Asian SEA4_A1.1.2","c(""Japan"", ""Philippines"")",2006,2019
"RV/R3.PHL/2008/TRa-022","Asian SEA4_A1.1.2","c(""Japan"", ""Philippines"")",2006,2019
"RV/R3.PHL/2008/TRa-051","Asian SEA4_A1.1.2","c(""Japan"", ""Philippines"")",2006,2019
"RV/R3.PHL/2008/TRa-061","Asian SEA4_A1.1.2","c(""Japan"", ""Philippines"")",2006,2019
"RV/R3.PHL/2008/TRa-093","Asian SEA4_A1.1.2","c(""Japan"", ""Philippines"")",2006,2019
"RV/R3.PHL/2008/TRa-111","Asian SEA4_A1.1.2","c(""Japan"", ""Philippines"")",2006,2019
"RV/R3.PHL/2009/TRa-130","Asian SEA4_A1.1.2","c(""Japan"", ""Philippines"")",2006,2019
"RV/R3.PHL/2008/TRa-064","Asian SEA4_A1.1.2","c(""Japan"", ""Philippines"")",2006,2019
"RV/R3.PHL/2009/TRa-129","Asian SEA4_A1.1.2","c(""Japan"", ""Philippines"")",2006,2019
"RV/R3.PHL/2009/TRa-117","Asian SEA4_A1.1.2","c(""Japan"", ""Philippines"")",2006,2019
"RV/R3.PHL/2008/TRa-086","Asian SEA4_A1.1.2","c(""Japan"", ""Philippines"")",2006,2019
"RV/R3.PHL/2009/TRa-127","Asian SEA4_A1.1.2","c(""Japan"", ""Philippines"")",2006,2019
"RV/R3.PHL/2008/TRa-013","Asian SEA4_A1.1.2","c(""Japan"", ""Philippines"")",2006,2019
"RV/R3.PHL/2008/TRa-060","Asian SEA4_A1.1.2","c(""Japan"", ""Philippines"")",2006,2019
"RV/R3.PHL/2012/TRa-302","Asian SEA4_A1.1.2","c(""Japan"", ""Philippines"")",2006,2019
"RV/R3.PHL/2012/TRa-314","Asian SEA4_A1.1.2","c(""Japan"", ""Philippines"")",2006,2019
"RV/R3.PHL/2013/TRa-348","Asian SEA4_A1.1.2","c(""Japan"", ""Philippines"")",2006,2019
"RV/R3.PHL/2013/TRa-446","Asian SEA4_A1.1.2","c(""Japan"", ""Philippines"")",2006,2019
"RV/R3.PHL/2008/TRa-089","Asian SEA4_A1.1.2","c(""Japan"", ""Philippines"")",2006,2019
"RV/R3.PHL/2008/TRa-095","Asian SEA4_A1.1.2","c(""Japan"", ""Philippines"")",2006,2019
"RV/R3.PHL/2012/TRa-307","Asian SEA4_A1.1.2","c(""Japan"", ""Philippines"")",2006,2019
"RV/R3.PHL/2008/TRa-065","Asian SEA4_A1.1.2","c(""Japan"", ""Philippines"")",2006,2019
"RV/R3.PHL/2009/TRa-128","Asian SEA4_A1.1.2","c(""Japan"", ""Philippines"")",2006,2019
"Z-98-616","Asian SEA4_A1.1.2","c(""Japan"", ""Philippines"")",2006,2019
"RV/R2.PHL/2009/TRa-142","Asian SEA4_A1.1.2","c(""Japan"", ""Philippines"")",2006,2019
"Philippin_dog","Asian SEA4_A1.1.2","c(""Japan"", ""Philippines"")",2006,2019
"RV/R4A.PHL/2006/Z-06-039","Asian SEA4_A1.1.2","c(""Japan"", ""Philippines"")",2006,2019
"RV/R5.PHL/2008/TRa-073","Asian SEA4_A1.1.2","c(""Japan"", ""Philippines"")",2006,2019
"RV/R5.PHL/2009/TRa-268","Asian SEA4_A1.1.2","c(""Japan"", ""Philippines"")",2006,2019
"RV/R5.PHL/2008/TRa-120","Asian SEA4_A1.1.2","c(""Japan"", ""Philippines"")",2006,2019
"RV/R5.PHL/2008/TRa-123","Asian SEA4_A1.1.2","c(""Japan"", ""Philippines"")",2006,2019
"RV/R5.PHL/2009/TRa-229","Asian SEA4_A1.1.2","c(""Japan"", ""Philippines"")",2006,2019
"RV/R4A.PHL/2004/Z-04-389","Asian SEA4_A1.1.2","c(""Japan"", ""Philippines"")",2006,2019
"RV/R4A.PHL/2004/Z-04-420","Asian SEA4_A1.1.2","c(""Japan"", ""Philippines"")",2006,2019
"RV/NCR.PHL/2004/Z-04-421","Asian SEA4_A1.1.2","c(""Japan"", ""Philippines"")",2006,2019
"RV/NCR.PHL/2004/Z-04-534","Asian SEA4_A1.1.2","c(""Japan"", ""Philippines"")",2006,2019
"RV/NCR.PHL/2005/Z-05-187","Asian SEA4_A1.1.2","c(""Japan"", ""Philippines"")",2006,2019
"RV/NCR.PHL/2005/Z-05-299","Asian SEA4_A1.1.2","c(""Japan"", ""Philippines"")",2006,2019
"RV/NCR.PHL/2005/Z-05-424","Asian SEA4_A1.1.2","c(""Japan"", ""Philippines"")",2006,2019
"RV/R4A.PHL/2005/Z-05-017","Asian SEA4_A1.1.2","c(""Japan"", ""Philippines"")",2006,2019
"RV/R4A.PHL/2007/Z-07-307","Asian SEA4_A1.1.2","c(""Japan"", ""Philippines"")",2006,2019
"RV/R4A.PHL/2004/Z-04-401","Asian SEA4_A1.1.2","c(""Japan"", ""Philippines"")",2006,2019
"RV/R4A.PHL/2004/Z-04-470","Asian SEA4_A1.1.2","c(""Japan"", ""Philippines"")",2006,2019
"RV/R4A.PHL/2005/Z-05-012","Asian SEA4_A1.1.2","c(""Japan"", ""Philippines"")",2006,2019
"RV/R4A.PHL/2004/Z-04-211","Asian SEA4_A1.1.2","c(""Japan"", ""Philippines"")",2006,2019
"RV/R4A.PHL/2005/Z-05-123","Asian SEA4_A1.1.2","c(""Japan"", ""Philippines"")",2006,2019
"RV/CAR.PHL/2010/TRa-291","Asian SEA4_A1.1.2","c(""Japan"", ""Philippines"")",2006,2019
"RV/R5.PHL/2009/TRa-269","Asian SEA4_A1.1.2","c(""Japan"", ""Philippines"")",2006,2019
"RV/R1.PHL/2009/TRa-262","Asian SEA4_A1.1.2","c(""Japan"", ""Philippines"")",2006,2019
"RV/R1.PHL/2009/TRa-266","Asian SEA4_A1.1.2","c(""Japan"", ""Philippines"")",2006,2019
"RV/R1.PHL/2009/TRa-267","Asian SEA4_A1.1.2","c(""Japan"", ""Philippines"")",2006,2019
"RV/R1.PHL/2010/TRa-298","Asian SEA4_A1.1.2","c(""Japan"", ""Philippines"")",2006,2019
"RV/R5.PHL/2009/TRa-271","Asian SEA4_A1.1.2","c(""Japan"", ""Philippines"")",2006,2019
"RV/R1.PHL/2010/TRa-287","Asian SEA4_A1.1.2","c(""Japan"", ""Philippines"")",2006,2019
"RV/CAR.PHL/2009/TRa-198","Asian SEA4_A1.1.2","c(""Japan"", ""Philippines"")",2006,2019
"RV/CAR.PHL/2009/TRa-199","Asian SEA4_A1.1.2","c(""Japan"", ""Philippines"")",2006,2019
"RV/CAR.PHL/2009/TRa-200","Asian SEA4_A1.1.2","c(""Japan"", ""Philippines"")",2006,2019
"RV/CAR.PHL/2009/TRa-222","Asian SEA4_A1.1.2","c(""Japan"", ""Philippines"")",2006,2019
"RV/CAR.PHL/2009/TRa-224","Asian SEA4_A1.1.2","c(""Japan"", ""Philippines"")",2006,2019
"RV/R1.PHL/2009/TRa-233","Asian SEA4_A1.1.2","c(""Japan"", ""Philippines"")",2006,2019
"RV/CAR.PHL/2009/TRa-234","Asian SEA4_A1.1.2","c(""Japan"", ""Philippines"")",2006,2019
"RV/CAR.PHL/2009/TRa-285","Asian SEA4_A1.1.2","c(""Japan"", ""Philippines"")",2006,2019
"RV/R1.PHL/2013/TRa-406","Asian SEA4_A1.1.2","c(""Japan"", ""Philippines"")",2006,2019
"RV/CAR.PHL/2013/TRa-407","Asian SEA4_A1.1.2","c(""Japan"", ""Philippines"")",2006,2019
"RV/R1.PHL/2013/TRa-569","Asian SEA4_A1.1.2","c(""Japan"", ""Philippines"")",2006,2019
"RV/R1.PHL/2009/TRa-218","Asian SEA4_A1.1.2","c(""Japan"", ""Philippines"")",2006,2019
"RV/R1.PHL/2009/TRa-265","Asian SEA4_A1.1.2","c(""Japan"", ""Philippines"")",2006,2019
"RV/R1.PHL/2010/TRa-286","Asian SEA4_A1.1.2","c(""Japan"", ""Philippines"")",2006,2019
"RV/R3.PHL/2013/TRa-509","Asian SEA4_A1.1.2","c(""Japan"", ""Philippines"")",2006,2019
"RV/R3.PHL/2008/TRa-045","Asian SEA4_A1.1.2","c(""Japan"", ""Philippines"")",2006,2019
"RV/R3.PHL/2009/TRa-131","Asian SEA4_A1.1.2","c(""Japan"", ""Philippines"")",2006,2019
"H-23-011Sk_12","Asian SEA4_A1.1.2","c(""Japan"", ""Philippines"")",2006,2019
"RV/R3.PHL/2008/TRa-119","Asian SEA4_A1.1.2","c(""Japan"", ""Philippines"")",2006,2019
"Z-14-146","Asian SEA4_A1.1.2","c(""Japan"", ""Philippines"")",2006,2019
"Z-12-212","Asian SEA4_A1","c(""Japan"", ""Philippines"")",1994,2020
"Z-13-065","Asian SEA4_A1","c(""Japan"", ""Philippines"")",1994,2020
"Z-08-359","Asian SEA4_A1","c(""Japan"", ""Philippines"")",1994,2020
"Z-13-037","Asian SEA4_A1","c(""Japan"", ""Philippines"")",1994,2020
"Z-13-171","Asian SEA4_A1","c(""Japan"", ""Philippines"")",1994,2020
"Z-13-184","Asian SEA4_A1","c(""Japan"", ""Philippines"")",1994,2020
"Z-19-029","Asian SEA4_A1","c(""Japan"", ""Philippines"")",1994,2020
"Z-12-034","Asian SEA4_A1","c(""Japan"", ""Philippines"")",1994,2020
"Z-16-209","Asian SEA4_A1","c(""Japan"", ""Philippines"")",1994,2020
"Z-13-204","Asian SEA4_A1","c(""Japan"", ""Philippines"")",1994,2020
"Z-13-234","Asian SEA4_A1","c(""Japan"", ""Philippines"")",1994,2020
"Z-13-081","Asian SEA4_A1","c(""Japan"", ""Philippines"")",1994,2020
"Z-14-243","Asian SEA4_A1","c(""Japan"", ""Philippines"")",1994,2020
"Z-13-098","Asian SEA4_A1","c(""Japan"", ""Philippines"")",1994,2020
"Z-98-335","Asian SEA4_A1","c(""Japan"", ""Philippines"")",1994,2020
"Z-13-216","Asian SEA4_A1","c(""Japan"", ""Philippines"")",1994,2020
"Z-17-57","Asian SEA4_A1","c(""Japan"", ""Philippines"")",1994,2020
"Z-14-149","Asian SEA4_A1","c(""Japan"", ""Philippines"")",1994,2020
"94275PHI","Asian SEA4_A1","c(""Japan"", ""Philippines"")",1994,2020
"Z-98-286","Asian SEA4_A1","c(""Japan"", ""Philippines"")",1994,2020
"Z-98-860","Asian SEA4_A1","c(""Japan"", ""Philippines"")",1994,2020
"Z-98-667","Asian SEA4_A1","c(""Japan"", ""Philippines"")",1994,2020
"Z-98-454","Asian SEA4_A1","c(""Japan"", ""Philippines"")",1994,2020
"Z-98-285","Asian SEA4_A1","c(""Japan"", ""Philippines"")",1994,2020
"Z-98-134","Asian SEA4_A1","c(""Japan"", ""Philippines"")",1994,2020
"Z-98-206","Asian SEA4_A1","c(""Japan"", ""Philippines"")",1994,2020
"Z-98-1061","Asian SEA4_A1","c(""Japan"", ""Philippines"")",1994,2020
"Z-98-712","Asian SEA4_A1","c(""Japan"", ""Philippines"")",1994,2020
"Z-98-780","Asian SEA4_A1","c(""Japan"", ""Philippines"")",1994,2020
"Z-06-150","Asian SEA4_A1","c(""Japan"", ""Philippines"")",1994,2020
"Z-98-718","Asian SEA4_A1","c(""Japan"", ""Philippines"")",1994,2020
"RV/R4A.PHL/2006/Z-06-197","Asian SEA4_A1","c(""Japan"", ""Philippines"")",1994,2020
"RV/R4A.PHL/2006/Z-06-345","Asian SEA4_A1","c(""Japan"", ""Philippines"")",1994,2020
"RV/R4B.PHL/2006/Z-06-408","Asian SEA4_A1","c(""Japan"", ""Philippines"")",1994,2020
"RV/R4B.PHL/2006/Z-06-197","Asian SEA4_A1","c(""Japan"", ""Philippines"")",1994,2020
"RV/NCR.PHL/2005/Z-05-285","Asian SEA4_A1","c(""Japan"", ""Philippines"")",1994,2020
"RV/R4A.PHL/2007/Z-07-252","Asian SEA4_A1","c(""Japan"", ""Philippines"")",1994,2020
"RV/R5.PHL/2008/TRa-122","Asian SEA4_A1","c(""Japan"", ""Philippines"")",1994,2020
"RV/R11.PHL/2005/Z-05-186","Asian SEA4_A1","c(""Japan"", ""Philippines"")",1994,2020
"RV/R10.PHL/2008/TRa-014","Asian SEA4_A1","c(""Japan"", ""Philippines"")",1994,2020
"RV/R10.PHL/2008/TRa-025","Asian SEA4_A1","c(""Japan"", ""Philippines"")",1994,2020
"RV/R10.PHL/2009/TRa-254","Asian SEA4_A1","c(""Japan"", ""Philippines"")",1994,2020
"RV/R10.PHL/2008/TRa-028","Asian SEA4_A1","c(""Japan"", ""Philippines"")",1994,2020
"RV/R10.PHL/2009/TRa-197","Asian SEA4_A1","c(""Japan"", ""Philippines"")",1994,2020
"RV/R10.PHL/2009/TRa-255","Asian SEA4_A1","c(""Japan"", ""Philippines"")",1994,2020
"RV/R10.PHL/2008/TRa-056","Asian SEA4_A1","c(""Japan"", ""Philippines"")",1994,2020
"RV/R10.PHL/2009/TRa-246","Asian SEA4_A1","c(""Japan"", ""Philippines"")",1994,2020
"RV/R10.PHL/2009/TRa-243","Asian SEA4_A1","c(""Japan"", ""Philippines"")",1994,2020
"RV/R10.PHL/2009/TRa-244","Asian SEA4_A1","c(""Japan"", ""Philippines"")",1994,2020
"RV/R10.PHL/2009/TRa-248","Asian SEA4_A1","c(""Japan"", ""Philippines"")",1994,2020
"RV/R10.PHL/2008/TRa-104","Asian SEA4_A1","c(""Japan"", ""Philippines"")",1994,2020
"RV/R10.PHL/2009/TRa-191","Asian SEA4_A1","c(""Japan"", ""Philippines"")",1994,2020
"RV/R10.PHL/2009/TRa-253","Asian SEA4_A1","c(""Japan"", ""Philippines"")",1994,2020
"RV/R10.PHL/2008/TRa-024","Asian SEA4_A1","c(""Japan"", ""Philippines"")",1994,2020
"RV/R10.PHL/2008/TRa-027","Asian SEA4_A1","c(""Japan"", ""Philippines"")",1994,2020
"RV/R10.PHL/2008/TRa-053","Asian SEA4_A1","c(""Japan"", ""Philippines"")",1994,2020
"RV/R10.PHL/2008/TRa-052","Asian SEA4_A1","c(""Japan"", ""Philippines"")",1994,2020
"RV/R10.PHL/2009/TRa-242","Asian SEA4_A1","c(""Japan"", ""Philippines"")",1994,2020
"RV/R10.PHL/2009/TRa-184","Asian SEA4_A1","c(""Japan"", ""Philippines"")",1994,2020
"RV/R10.PHL/2009/TRa-252","Asian SEA4_A1","c(""Japan"", ""Philippines"")",1994,2020
"RV/R10.PHL/2008/TRa-030","Asian SEA4_A1","c(""Japan"", ""Philippines"")",1994,2020
"RV/R10.PHL/2008/TRa-054","Asian SEA4_A1","c(""Japan"", ""Philippines"")",1994,2020
"RV/R10.PHL/2008/TRa-108","Asian SEA4_A1","c(""Japan"", ""Philippines"")",1994,2020
"RV/R10.PHL/2009/TRa-196","Asian SEA4_A1","c(""Japan"", ""Philippines"")",1994,2020
"RV/R10.PHL/2009/TRa-189","Asian SEA4_A1","c(""Japan"", ""Philippines"")",1994,2020
"RV/R10.PHL/2008/TRa-055","Asian SEA4_A1","c(""Japan"", ""Philippines"")",1994,2020
"RV/R10.PHL/2009/TRa-109","Asian SEA4_A1","c(""Japan"", ""Philippines"")",1994,2020
"RV/R10.PHL/2009/TRa-251","Asian SEA4_A1","c(""Japan"", ""Philippines"")",1994,2020
"RV/R10.PHL/2008/TRa-026","Asian SEA4_A1","c(""Japan"", ""Philippines"")",1994,2020
"RV/R10.PHL/2008/TRa-057","Asian SEA4_A1","c(""Japan"", ""Philippines"")",1994,2020
"RV/R10.PHL/2009/TRa-249","Asian SEA4_A1","c(""Japan"", ""Philippines"")",1994,2020
"RV/R10.PHL/2009/TRa-250","Asian SEA4_A1","c(""Japan"", ""Philippines"")",1994,2020
"RV/R10.PHL/2008/TRa-107","Asian SEA4_A1","c(""Japan"", ""Philippines"")",1994,2020
"RV/R10.PHL/2009/TRa-186","Asian SEA4_A1","c(""Japan"", ""Philippines"")",1994,2020
"RV/R10.PHL/2009/TRa-110","Asian SEA4_A1","c(""Japan"", ""Philippines"")",1994,2020
"R10-711","Asian SEA4_A1","c(""Japan"", ""Philippines"")",1994,2020
"R10-824","Asian SEA4_A1","c(""Japan"", ""Philippines"")",1994,2020
"R10-714","Asian SEA4_A1","c(""Japan"", ""Philippines"")",1994,2020
"R10-907","Asian SEA4_A1","c(""Japan"", ""Philippines"")",1994,2020
"R10-920","Asian SEA4_A1","c(""Japan"", ""Philippines"")",1994,2020
"R10-856","Asian SEA4_A1","c(""Japan"", ""Philippines"")",1994,2020
"R11-21-63","Asian SEA4_A1","c(""Japan"", ""Philippines"")",1994,2020
"18-179","Asian SEA4_A1","c(""Japan"", ""Philippines"")",1994,2020
"R10-990","Asian SEA4_A1","c(""Japan"", ""Philippines"")",1994,2020
"R10-688","Asian SEA4_A1","c(""Japan"", ""Philippines"")",1994,2020
"R9-010","Asian SEA4_A1","c(""Japan"", ""Philippines"")",1994,2020
"R9-074","Asian SEA4_A1","c(""Japan"", ""Philippines"")",1994,2020
"18-164","Asian SEA4_A1","c(""Japan"", ""Philippines"")",1994,2020
"18-118","Asian SEA4_A1","c(""Japan"", ""Philippines"")",1994,2020
"R9-089","Asian SEA4_A1","c(""Japan"", ""Philippines"")",1994,2020
"R9-105","Asian SEA4_A1","c(""Japan"", ""Philippines"")",1994,2020
"RV/R10.PHL/2008/TRa-058","Asian SEA4_A1","c(""Japan"", ""Philippines"")",1994,2020
"R10-989","Asian SEA4_A1","c(""Japan"", ""Philippines"")",1994,2020
"RV/R10.PHL/2009/TRa-194","Asian SEA4_A1","c(""Japan"", ""Philippines"")",1994,2020
"RV/R10.PHL/2009/TRa-247","Asian SEA4_A1","c(""Japan"", ""Philippines"")",1994,2020
"RV/R10.PHL/2009/TRa-195","Asian SEA4_A1","c(""Japan"", ""Philippines"")",1994,2020
"03006PHI","Asian SEA4_A1","c(""Japan"", ""Philippines"")",1994,2020
"03007PHI","Asian SEA4_A1","c(""Japan"", ""Philippines"")",1994,2020
"19-045","Asian SEA4_A1","c(""Japan"", ""Philippines"")",1994,2020
"19-004","Asian SEA4_A1","c(""Japan"", ""Philippines"")",1994,2020
"18-116","Asian SEA4_A1","c(""Japan"", ""Philippines"")",1994,2020
"18-194","Asian SEA4_A1","c(""Japan"", ""Philippines"")",1994,2020
"18-225","Asian SEA4_A1","c(""Japan"", ""Philippines"")",1994,2020
"18-103","Asian SEA4_A1","c(""Japan"", ""Philippines"")",1994,2020
"18-135","Asian SEA4_A1","c(""Japan"", ""Philippines"")",1994,2020
"18-224","Asian SEA4_A1","c(""Japan"", ""Philippines"")",1994,2020
"18-144","Asian SEA4_A1","c(""Japan"", ""Philippines"")",1994,2020
"18-147","Asian SEA4_A1","c(""Japan"", ""Philippines"")",1994,2020
"18-130","Asian SEA4_A1","c(""Japan"", ""Philippines"")",1994,2020
"18-216","Asian SEA4_A1","c(""Japan"", ""Philippines"")",1994,2020
"18-199","Asian SEA4_A1","c(""Japan"", ""Philippines"")",1994,2020
"18-121","Asian SEA4_A1","c(""Japan"", ""Philippines"")",1994,2020
"18-102","Asian SEA4_A1","c(""Japan"", ""Philippines"")",1994,2020
"18-092","Asian SEA4_A1","c(""Japan"", ""Philippines"")",1994,2020
"19-022","Asian SEA4_A1","c(""Japan"", ""Philippines"")",1994,2020
"18-096","Asian SEA4_A1","c(""Japan"", ""Philippines"")",1994,2020
"18-223","Asian SEA4_A1","c(""Japan"", ""Philippines"")",1994,2020
"18-138","Asian SEA4_A1","c(""Japan"", ""Philippines"")",1994,2020
"18-151","Asian SEA4_A1","c(""Japan"", ""Philippines"")",1994,2020
"R11-21-61","Asian SEA4_A1","c(""Japan"", ""Philippines"")",1994,2020
"18-120","Asian SEA4_A1","c(""Japan"", ""Philippines"")",1994,2020
"18-196","Asian SEA4_A1","c(""Japan"", ""Philippines"")",1994,2020
"18-188","Asian SEA4_A1","c(""Japan"", ""Philippines"")",1994,2020
"18-153","Asian SEA4_A1","c(""Japan"", ""Philippines"")",1994,2020
"18-191","Asian SEA4_A1","c(""Japan"", ""Philippines"")",1994,2020
"18-114","Asian SEA4_A1","c(""Japan"", ""Philippines"")",1994,2020
"18-107","Asian SEA4_A1","c(""Japan"", ""Philippines"")",1994,2020
"18-142","Asian SEA4_A1","c(""Japan"", ""Philippines"")",1994,2020
"R11-22-002","Asian SEA4_A1","c(""Japan"", ""Philippines"")",1994,2020
"18-183","Asian SEA4_A1","c(""Japan"", ""Philippines"")",1994,2020
"18-172","Asian SEA4_A1","c(""Japan"", ""Philippines"")",1994,2020
"18-163","Asian SEA4_A1","c(""Japan"", ""Philippines"")",1994,2020
"18-101","Asian SEA4_A1","c(""Japan"", ""Philippines"")",1994,2020
"18-099","Asian SEA4_A1","c(""Japan"", ""Philippines"")",1994,2020
"18-094","Asian SEA4_A1","c(""Japan"", ""Philippines"")",1994,2020
"18-181","Asian SEA4_A1","c(""Japan"", ""Philippines"")",1994,2020
"18-133","Asian SEA4_A1","c(""Japan"", ""Philippines"")",1994,2020
"18-106","Asian SEA4_A1","c(""Japan"", ""Philippines"")",1994,2020
"18-162","Asian SEA4_A1","c(""Japan"", ""Philippines"")",1994,2020
"19-050","Asian SEA4_A1","c(""Japan"", ""Philippines"")",1994,2020
"19-015","Asian SEA4_A1","c(""Japan"", ""Philippines"")",1994,2020
"18-221","Asian SEA4_A1","c(""Japan"", ""Philippines"")",1994,2020
"18-209","Asian SEA4_A1","c(""Japan"", ""Philippines"")",1994,2020
"18-174","Asian SEA4_A1","c(""Japan"", ""Philippines"")",1994,2020
"18-214","Asian SEA4_A1","c(""Japan"", ""Philippines"")",1994,2020
"19-011","Asian SEA4_A1","c(""Japan"", ""Philippines"")",1994,2020
"RV/R4B.PHL/2006/Z-06-203","Asian SEA4_A1","c(""Japan"", ""Philippines"")",1994,2020
"RV/R7.PHL/2008/TRa-074","Asian SEA4_A1","c(""Japan"", ""Philippines"")",1994,2020
"RV/R7.PHL/2008/TRa-076","Asian SEA4_A1","c(""Japan"", ""Philippines"")",1994,2020
"RV/R7.PHL/2009/TRa-170","Asian SEA4_A1","c(""Japan"", ""Philippines"")",1994,2020
"RV/R7.PHL/2008/TRa-077","Asian SEA4_A1","c(""Japan"", ""Philippines"")",1994,2020
"RV/R7.PHL/2008/TRa-080","Asian SEA4_A1","c(""Japan"", ""Philippines"")",1994,2020
"RV/R7.PHL/2008/TRa-103","Asian SEA4_A1","c(""Japan"", ""Philippines"")",1994,2020
"RV/R7.PHL/2008/TRa-100","Asian SEA4_A1","c(""Japan"", ""Philippines"")",1994,2020
"RV/R7.PHL/2008/TRa-098","Asian SEA4_A1","c(""Japan"", ""Philippines"")",1994,2020
"RV/R7.PHL/2009/TRa-177","Asian SEA4_A1","c(""Japan"", ""Philippines"")",1994,2020
"RV/R7.PHL/2009/TRa-172","Asian SEA4_A1","c(""Japan"", ""Philippines"")",1994,2020
"RV/R7.PHL/2009/TRa-178","Asian SEA4_A1","c(""Japan"", ""Philippines"")",1994,2020
"RV/R7.PHL/2009/TRa-167","Asian SEA4_A1","c(""Japan"", ""Philippines"")",1994,2020
"RV/R7.PHL/2008/TRa-102","Asian SEA4_A1","c(""Japan"", ""Philippines"")",1994,2020
"RV/R7.PHL/2009/TRa-173","Asian SEA4_A1","c(""Japan"", ""Philippines"")",1994,2020
"RV/R7.PHL/2009/TRa-179","Asian SEA4_A1","c(""Japan"", ""Philippines"")",1994,2020
"A12_1952","Asian SEA4_A1","c(""Japan"", ""Philippines"")",1994,2020
"RV/R7.PHL/2008/TRa-075","Asian SEA4_A1","c(""Japan"", ""Philippines"")",1994,2020
"RV/R7.PHL/2008/TRa-096","Asian SEA4_A1","c(""Japan"", ""Philippines"")",1994,2020
"RV/R7.PHL/2008/TRa-101","Asian SEA4_A1","c(""Japan"", ""Philippines"")",1994,2020
"RV/R7.PHL/2008/TRa-078","Asian SEA4_A1","c(""Japan"", ""Philippines"")",1994,2020
"RV/R7.PHL/2008/TRa-079","Asian SEA4_A1","c(""Japan"", ""Philippines"")",1994,2020
"RV/R7.PHL/2009/TRa-168","Asian SEA4_A1","c(""Japan"", ""Philippines"")",1994,2020
"RV/R7.PHL/2008/TRa-097","Asian SEA4_A1","c(""Japan"", ""Philippines"")",1994,2020
"RV/R7.PHL/2009/TRa-166","Asian SEA4_A1","c(""Japan"", ""Philippines"")",1994,2020
"RV/R7.PHL/2009/TRa-176","Asian SEA4_A1","c(""Japan"", ""Philippines"")",1994,2020
"RV/R7.PHL/2008/TRa-099","Asian SEA4_A1","c(""Japan"", ""Philippines"")",1994,2020
"R7-21-161","Asian SEA4_A1","c(""Japan"", ""Philippines"")",1994,2020
"RV/R7.PHL/2008/TRa-081","Asian SEA4_A1","c(""Japan"", ""Philippines"")",1994,2020
"RV/R7.PHL/2008/TRa-082","Asian SEA4_A1","c(""Japan"", ""Philippines"")",1994,2020
"RV/R7.PHL/2008/TRa-083","Asian SEA4_A1","c(""Japan"", ""Philippines"")",1994,2020
"RV/R7.PHL/2008/TRa-085","Asian SEA4_A1","c(""Japan"", ""Philippines"")",1994,2020
"RV/R7.PHL/2009/TRa-165","Asian SEA4_A1","c(""Japan"", ""Philippines"")",1994,2020
"RV/R7.PHL/2009/TRa-235","Asian SEA4_A1","c(""Japan"", ""Philippines"")",1994,2020
"RV/R7.PHL/2009/TRa-240","Asian SEA4_A1","c(""Japan"", ""Philippines"")",1994,2020
"RV/R7.PHL/2008/TRa-084","Asian SEA4_A1","c(""Japan"", ""Philippines"")",1994,2020
"RV/R7.PHL/2009/TRa-145","Asian SEA4_A1","c(""Japan"", ""Philippines"")",1994,2020
"RV/R7.PHL/2009/TRa-236","Asian SEA4_A1","c(""Japan"", ""Philippines"")",1994,2020
"RV/R7.PHL/2009/TRa-143","Asian SEA4_A1","c(""Japan"", ""Philippines"")",1994,2020
"RV/R7.PHL/2009/TRa-239","Asian SEA4_A1","c(""Japan"", ""Philippines"")",1994,2020
"RV/R7.PHL/2009/TRa-164","Asian SEA4_A1","c(""Japan"", ""Philippines"")",1994,2020
"RV/R7.PHL/2009/TRa-238","Asian SEA4_A1","c(""Japan"", ""Philippines"")",1994,2020
"RV/R7.PHL/2009/TRa-241","Asian SEA4_A1","c(""Japan"", ""Philippines"")",1994,2020
"A12_1964","Asian SEA4_A1","c(""Japan"", ""Philippines"")",1994,2020
"A12_1977","Asian SEA4_A1","c(""Japan"", ""Philippines"")",1994,2020
"A12_1978","Asian SEA4_A1","c(""Japan"", ""Philippines"")",1994,2020
"RV/R7.PHL/2009/TRa-147","Asian SEA4_A1","c(""Japan"", ""Philippines"")",1994,2020
"RV/R7.PHL/2009/TRa-237","Asian SEA4_A1","c(""Japan"", ""Philippines"")",1994,2020
"RV/R7.PHL/2009/TRa-144","Asian SEA4_A1","c(""Japan"", ""Philippines"")",1994,2020
"R6-4568","Asian SEA4_A1","c(""Japan"", ""Philippines"")",1994,2020
"R6-21-4600","Asian SEA4_A1","c(""Japan"", ""Philippines"")",1994,2020
"R6-21-4375","Asian SEA4_A1","c(""Japan"", ""Philippines"")",1994,2020
"R6-4342","Asian SEA4_A1","c(""Japan"", ""Philippines"")",1994,2020
"RV/R4B.PHL/2013/TRa-486","Asian SEA4_A1","c(""Japan"", ""Philippines"")",1994,2020
"RV/R4B.PHL/2013/TRa-487","Asian SEA4_A1","c(""Japan"", ""Philippines"")",1994,2020
"RV/R3.PHL/2013/TRa-447","Asian SEA4_A1","c(""Japan"", ""Philippines"")",1994,2020
"94273PHI","Asian SEA5_A1.3","Taiwan",2013,2013
"PHI103",NA,NA,NA,NA
"PHI114",NA,NA,NA,NA
"V1371PHIL",NA,NA,NA,NA
"V1374PHIL",NA,NA,NA,NA
"V1372PHIL",NA,NA,NA,NA
"V1373PHIL",NA,NA,NA,NA
"V1375PHIL",NA,NA,NA,NA
